REFERENCE_ID,SPATH
10153,s2/NIR/10153/001.jpg
10153,s2/NIR/10153/002.jpg
10153,s2/NIR/10153/003.jpg
10153,s2/NIR/10153/004.jpg
10153,s2/NIR/10153/005.jpg
10153,s2/NIR/10153/006.jpg
10153,s2/NIR/10153/007.jpg
10153,s2/NIR/10153/008.jpg
10153,s2/NIR/10153/009.jpg
10153,s2/NIR/10153/010.jpg
10153,s2/NIR/10153/011.jpg
10153,s2/NIR/10153/012.jpg
10153,s2/NIR/10153/013.jpg
10153,s2/NIR/10153/014.jpg
10153,s2/NIR/10153/015.jpg
20464,s3/NIR/20464/001.jpg
20464,s3/NIR/20464/002.jpg
20464,s3/NIR/20464/003.jpg
20464,s3/NIR/20464/004.jpg
20464,s3/NIR/20464/005.jpg
20464,s3/NIR/20464/006.jpg
20464,s3/NIR/20464/007.jpg
20464,s3/NIR/20464/008.jpg
20464,s3/NIR/20464/009.jpg
20464,s3/NIR/20464/010.jpg
20464,s3/NIR/20464/011.jpg
20464,s3/NIR/20464/012.jpg
20464,s3/NIR/20464/013.jpg
20464,s3/NIR/20464/014.jpg
20464,s3/NIR/20464/015.jpg
20464,s3/NIR/20464/016.jpg
20464,s3/NIR/20464/017.jpg
20464,s3/NIR/20464/018.jpg
10136,s2/NIR/10136/001.jpg
10136,s2/NIR/10136/002.jpg
10136,s2/NIR/10136/003.jpg
10136,s2/NIR/10136/004.jpg
10136,s2/NIR/10136/005.jpg
10136,s2/NIR/10136/006.jpg
10136,s2/NIR/10136/007.jpg
10136,s2/NIR/10136/008.jpg
10136,s2/NIR/10136/009.jpg
10136,s2/NIR/10136/010.jpg
10136,s2/NIR/10136/011.jpg
10136,s2/NIR/10136/012.jpg
10136,s2/NIR/10136/013.jpg
10136,s2/NIR/10136/014.jpg
10136,s2/NIR/10136/015.jpg
10136,s2/NIR/10136/016.jpg
10136,s2/NIR/10136/017.jpg
10136,s2/NIR/10136/018.jpg
10136,s2/NIR/10136/019.jpg
10292,s2/NIR/10292/01-B.jpg
10292,s2/NIR/10292/03-B.jpg
10292,s2/NIR/10292/04-B.jpg
10292,s2/NIR/10292/05-B.jpg
10292,s2/NIR/10292/06-B.jpg
10292,s2/NIR/10292/07-B.jpg
10292,s2/NIR/10292/08-B.jpg
10292,s2/NIR/10292/09-B.jpg
10292,s2/NIR/10292/10-B.jpg
10292,s2/NIR/10292/11-B.jpg
10292,s2/NIR/10292/12-B.jpg
10292,s2/NIR/10292/13-B.jpg
10292,s2/NIR/10292/14-B.jpg
10292,s2/NIR/10292/15-B.jpg
10292,s2/NIR/10292/16-B.jpg
10292,s2/NIR/10292/17-B.jpg
10292,s2/NIR/10292/18-B.jpg
10292,s2/NIR/10292/19-B.jpg
10292,s2/NIR/10292/20-B.jpg
121,s1/NIR/00121/001.jpg
121,s1/NIR/00121/002.jpg
121,s1/NIR/00121/003.jpg
121,s1/NIR/00121/004.jpg
121,s1/NIR/00121/005.jpg
121,s1/NIR/00121/006.jpg
121,s1/NIR/00121/007.jpg
121,s1/NIR/00121/008.jpg
121,s1/NIR/00121/009.jpg
121,s1/NIR/00121/010.jpg
121,s1/NIR/00121/011.jpg
121,s1/NIR/00121/012.jpg
20334,s3/NIR/20334/001.jpg
20334,s3/NIR/20334/002.jpg
20334,s3/NIR/20334/003.jpg
20334,s3/NIR/20334/004.jpg
20334,s3/NIR/20334/005.jpg
20334,s3/NIR/20334/006.jpg
20334,s3/NIR/20334/007.jpg
20334,s3/NIR/20334/008.jpg
20334,s3/NIR/20334/009.jpg
20334,s3/NIR/20334/010.jpg
20334,s3/NIR/20334/011.jpg
20334,s3/NIR/20334/012.jpg
20334,s3/NIR/20334/013.jpg
20334,s3/NIR/20334/014.jpg
20334,s3/NIR/20334/015.jpg
20334,s3/NIR/20334/016.jpg
20334,s3/NIR/20334/017.jpg
20334,s3/NIR/20334/018.jpg
20334,s3/NIR/20334/019.jpg
196,s1/NIR/00196/001.jpg
196,s1/NIR/00196/002.jpg
196,s1/NIR/00196/003.jpg
196,s1/NIR/00196/004.jpg
196,s1/NIR/00196/005.jpg
196,s1/NIR/00196/006.jpg
196,s1/NIR/00196/007.jpg
196,s1/NIR/00196/008.jpg
196,s1/NIR/00196/009.jpg
196,s1/NIR/00196/010.jpg
196,s1/NIR/00196/011.jpg
150,s1/NIR/00150/001.jpg
150,s1/NIR/00150/002.jpg
150,s1/NIR/00150/003.jpg
150,s1/NIR/00150/004.jpg
150,s1/NIR/00150/005.jpg
150,s1/NIR/00150/006.jpg
150,s1/NIR/00150/007.jpg
150,s1/NIR/00150/008.jpg
150,s1/NIR/00150/009.jpg
150,s1/NIR/00150/010.jpg
150,s1/NIR/00150/011.jpg
150,s1/NIR/00150/012.jpg
150,s1/NIR/00150/013.jpg
150,s1/NIR/00150/014.jpg
150,s1/NIR/00150/015.jpg
150,s1/NIR/00150/016.jpg
150,s1/NIR/00150/017.jpg
150,s1/NIR/00150/018.jpg
150,s1/NIR/00150/019.jpg
150,s1/NIR/00150/020.jpg
150,s1/NIR/00150/021.jpg
150,s1/NIR/00150/022.jpg
150,s1/NIR/00150/023.jpg
150,s1/NIR/00150/024.jpg
150,s1/NIR/00150/025.jpg
150,s1/NIR/00150/026.jpg
150,s1/NIR/00150/027.jpg
10270,s2/NIR/10270/001.jpg
10270,s2/NIR/10270/002.jpg
10270,s2/NIR/10270/003.jpg
10270,s2/NIR/10270/004.jpg
10270,s2/NIR/10270/005.jpg
10270,s2/NIR/10270/006.jpg
10270,s2/NIR/10270/007.jpg
10270,s2/NIR/10270/008.jpg
10270,s2/NIR/10270/009.jpg
10270,s2/NIR/10270/010.jpg
10270,s2/NIR/10270/011.jpg
10270,s2/NIR/10270/012.jpg
10270,s2/NIR/10270/013.jpg
10270,s2/NIR/10270/014.jpg
10270,s2/NIR/10270/015.jpg
10270,s2/NIR/10270/016.jpg
10270,s2/NIR/10270/017.jpg
10270,s2/NIR/10270/018.jpg
10270,s2/NIR/10270/019.jpg
10270,s2/NIR/10270/020.jpg
20475,s3/NIR/20475/001.jpg
20475,s3/NIR/20475/002.jpg
20475,s3/NIR/20475/003.jpg
20475,s3/NIR/20475/004.jpg
20475,s3/NIR/20475/005.jpg
20475,s3/NIR/20475/006.jpg
20475,s3/NIR/20475/007.jpg
20475,s3/NIR/20475/008.jpg
20475,s3/NIR/20475/009.jpg
20475,s3/NIR/20475/010.jpg
20475,s3/NIR/20475/011.jpg
20475,s3/NIR/20475/012.jpg
20475,s3/NIR/20475/013.jpg
20475,s3/NIR/20475/014.jpg
20475,s3/NIR/20475/015.jpg
20475,s3/NIR/20475/016.jpg
20475,s3/NIR/20475/017.jpg
10231,s2/NIR/10231/001.jpg
10231,s2/NIR/10231/002.jpg
10231,s2/NIR/10231/003.jpg
10231,s2/NIR/10231/004.jpg
10231,s2/NIR/10231/005.jpg
10231,s2/NIR/10231/006.jpg
10231,s2/NIR/10231/007.jpg
10231,s2/NIR/10231/008.jpg
10231,s2/NIR/10231/009.jpg
10231,s2/NIR/10231/010.jpg
10231,s2/NIR/10231/011.jpg
10231,s2/NIR/10231/012.jpg
10231,s2/NIR/10231/013.jpg
10231,s2/NIR/10231/014.jpg
10231,s2/NIR/10231/015.jpg
10231,s2/NIR/10231/016.jpg
10231,s2/NIR/10231/017.jpg
10231,s2/NIR/10231/018.jpg
10231,s2/NIR/10231/019.jpg
10231,s2/NIR/10231/020.jpg
10076,s2/NIR/10076/001.jpg
10076,s2/NIR/10076/002.jpg
10076,s2/NIR/10076/003.jpg
10076,s2/NIR/10076/004.jpg
10076,s2/NIR/10076/005.jpg
10076,s2/NIR/10076/006.jpg
10076,s2/NIR/10076/007.jpg
10076,s2/NIR/10076/008.jpg
10076,s2/NIR/10076/009.jpg
10076,s2/NIR/10076/010.jpg
10076,s2/NIR/10076/011.jpg
10076,s2/NIR/10076/012.jpg
10076,s2/NIR/10076/013.jpg
10076,s2/NIR/10076/014.jpg
10076,s2/NIR/10076/015.jpg
10076,s2/NIR/10076/016.jpg
10076,s2/NIR/10076/017.jpg
10076,s2/NIR/10076/018.jpg
10076,s2/NIR/10076/019.jpg
30597,s4/NIR/30597/001.jpg
30597,s4/NIR/30597/002.jpg
30597,s4/NIR/30597/003.jpg
30597,s4/NIR/30597/004.jpg
30597,s4/NIR/30597/005.jpg
30597,s4/NIR/30597/006.jpg
30597,s4/NIR/30597/007.jpg
30597,s4/NIR/30597/008.jpg
30597,s4/NIR/30597/009.jpg
30597,s4/NIR/30597/010.jpg
30597,s4/NIR/30597/011.jpg
30597,s4/NIR/30597/012.jpg
30597,s4/NIR/30597/013.jpg
30597,s4/NIR/30597/014.jpg
30597,s4/NIR/30597/015.jpg
30597,s4/NIR/30597/016.jpg
30597,s4/NIR/30597/017.jpg
30597,s4/NIR/30597/018.jpg
30597,s4/NIR/30597/019.jpg
30597,s4/NIR/30597/020.jpg
43,s1/NIR/00043/001.jpg
43,s1/NIR/00043/002.jpg
43,s1/NIR/00043/003.jpg
43,s1/NIR/00043/004.jpg
43,s1/NIR/00043/005.jpg
43,s1/NIR/00043/006.jpg
43,s1/NIR/00043/007.jpg
43,s1/NIR/00043/008.jpg
43,s1/NIR/00043/009.jpg
43,s1/NIR/00043/010.jpg
43,s1/NIR/00043/011.jpg
43,s1/NIR/00043/012.jpg
43,s1/NIR/00043/013.jpg
43,s1/NIR/00043/014.jpg
43,s1/NIR/00043/015.jpg
43,s1/NIR/00043/016.jpg
43,s1/NIR/00043/017.jpg
43,s1/NIR/00043/018.jpg
43,s1/NIR/00043/019.jpg
43,s1/NIR/00043/020.jpg
43,s1/NIR/00043/021.jpg
43,s1/NIR/00043/022.jpg
43,s1/NIR/00043/023.jpg
43,s1/NIR/00043/024.jpg
43,s1/NIR/00043/025.jpg
43,s1/NIR/00043/026.jpg
43,s1/NIR/00043/027.jpg
43,s1/NIR/00043/028.jpg
10031,s2/NIR/10031/001.jpg
10031,s2/NIR/10031/002.jpg
10031,s2/NIR/10031/003.jpg
10031,s2/NIR/10031/004.jpg
10031,s2/NIR/10031/005.jpg
10031,s2/NIR/10031/006.jpg
10031,s2/NIR/10031/007.jpg
10031,s2/NIR/10031/008.jpg
10031,s2/NIR/10031/009.jpg
10031,s2/NIR/10031/010.jpg
10031,s2/NIR/10031/011.jpg
10085,s2/NIR/10085/001.jpg
10085,s2/NIR/10085/002.jpg
10085,s2/NIR/10085/003.jpg
10085,s2/NIR/10085/004.jpg
10085,s2/NIR/10085/005.jpg
10085,s2/NIR/10085/006.jpg
10085,s2/NIR/10085/007.jpg
10085,s2/NIR/10085/008.jpg
10085,s2/NIR/10085/009.jpg
10085,s2/NIR/10085/010.jpg
10085,s2/NIR/10085/011.jpg
10085,s2/NIR/10085/012.jpg
10085,s2/NIR/10085/013.jpg
10085,s2/NIR/10085/014.jpg
10085,s2/NIR/10085/015.jpg
20326,s3/NIR/20326/001.jpg
20326,s3/NIR/20326/002.jpg
20326,s3/NIR/20326/003.jpg
20326,s3/NIR/20326/004.jpg
20326,s3/NIR/20326/005.jpg
20326,s3/NIR/20326/006.jpg
20326,s3/NIR/20326/007.jpg
20326,s3/NIR/20326/008.jpg
20326,s3/NIR/20326/009.jpg
20326,s3/NIR/20326/010.jpg
20326,s3/NIR/20326/011.jpg
20326,s3/NIR/20326/012.jpg
20326,s3/NIR/20326/013.jpg
20326,s3/NIR/20326/014.jpg
20326,s3/NIR/20326/015.jpg
20326,s3/NIR/20326/016.jpg
20326,s3/NIR/20326/017.jpg
20326,s3/NIR/20326/018.jpg
86,s1/NIR/00086/001.jpg
86,s1/NIR/00086/002.jpg
86,s1/NIR/00086/003.jpg
86,s1/NIR/00086/004.jpg
86,s1/NIR/00086/005.jpg
86,s1/NIR/00086/006.jpg
86,s1/NIR/00086/007.jpg
86,s1/NIR/00086/008.jpg
86,s1/NIR/00086/009.jpg
86,s1/NIR/00086/010.jpg
86,s1/NIR/00086/011.jpg
86,s1/NIR/00086/012.jpg
86,s1/NIR/00086/013.jpg
70,s1/NIR/00070/001.jpg
70,s1/NIR/00070/002.jpg
70,s1/NIR/00070/003.jpg
70,s1/NIR/00070/004.jpg
70,s1/NIR/00070/005.jpg
70,s1/NIR/00070/006.jpg
70,s1/NIR/00070/007.jpg
70,s1/NIR/00070/008.jpg
70,s1/NIR/00070/009.jpg
70,s1/NIR/00070/010.jpg
70,s1/NIR/00070/011.jpg
30749,s4/NIR/30749/001.jpg
30749,s4/NIR/30749/002.jpg
30749,s4/NIR/30749/003.jpg
30749,s4/NIR/30749/004.jpg
30749,s4/NIR/30749/005.jpg
30749,s4/NIR/30749/006.jpg
30749,s4/NIR/30749/007.jpg
30749,s4/NIR/30749/008.jpg
30749,s4/NIR/30749/009.jpg
30749,s4/NIR/30749/010.jpg
30749,s4/NIR/30749/011.jpg
30749,s4/NIR/30749/012.jpg
30749,s4/NIR/30749/013.jpg
30749,s4/NIR/30749/014.jpg
30749,s4/NIR/30749/015.jpg
30749,s4/NIR/30749/016.jpg
30749,s4/NIR/30749/017.jpg
30749,s4/NIR/30749/018.jpg
30749,s4/NIR/30749/019.jpg
30749,s4/NIR/30749/020.jpg
20480,s3/NIR/20480/001.jpg
20480,s3/NIR/20480/002.jpg
20480,s3/NIR/20480/003.jpg
20480,s3/NIR/20480/004.jpg
20480,s3/NIR/20480/005.jpg
20480,s3/NIR/20480/006.jpg
20480,s3/NIR/20480/007.jpg
20480,s3/NIR/20480/008.jpg
20480,s3/NIR/20480/009.jpg
20480,s3/NIR/20480/010.jpg
20480,s3/NIR/20480/011.jpg
20480,s3/NIR/20480/012.jpg
20480,s3/NIR/20480/013.jpg
20480,s3/NIR/20480/014.jpg
20480,s3/NIR/20480/015.jpg
20480,s3/NIR/20480/016.jpg
10144,s2/NIR/10144/001.jpg
10144,s2/NIR/10144/002.jpg
10144,s2/NIR/10144/003.jpg
10144,s2/NIR/10144/004.jpg
10144,s2/NIR/10144/005.jpg
10144,s2/NIR/10144/006.jpg
10144,s2/NIR/10144/007.jpg
10144,s2/NIR/10144/008.jpg
10144,s2/NIR/10144/009.jpg
10144,s2/NIR/10144/010.jpg
10144,s2/NIR/10144/011.jpg
10144,s2/NIR/10144/012.jpg
10144,s2/NIR/10144/013.jpg
10144,s2/NIR/10144/014.jpg
10144,s2/NIR/10144/015.jpg
10144,s2/NIR/10144/016.jpg
71,s1/NIR/00071/001.jpg
71,s1/NIR/00071/002.jpg
71,s1/NIR/00071/003.jpg
71,s1/NIR/00071/004.jpg
71,s1/NIR/00071/005.jpg
71,s1/NIR/00071/006.jpg
71,s1/NIR/00071/007.jpg
71,s1/NIR/00071/008.jpg
71,s1/NIR/00071/009.jpg
71,s2/NIR/00071/001.jpg
71,s2/NIR/00071/002.jpg
71,s2/NIR/00071/003.jpg
71,s2/NIR/00071/004.jpg
71,s2/NIR/00071/005.jpg
71,s2/NIR/00071/006.jpg
71,s2/NIR/00071/007.jpg
71,s2/NIR/00071/008.jpg
71,s2/NIR/00071/009.jpg
71,s2/NIR/00071/010.jpg
71,s2/NIR/00071/011.jpg
71,s2/NIR/00071/012.jpg
71,s2/NIR/00071/013.jpg
71,s2/NIR/00071/014.jpg
71,s2/NIR/00071/015.jpg
71,s2/NIR/00071/016.jpg
71,s2/NIR/00071/017.jpg
71,s2/NIR/00071/018.jpg
10124,s2/NIR/10124/001.jpg
10124,s2/NIR/10124/002.jpg
10124,s2/NIR/10124/003.jpg
10124,s2/NIR/10124/004.jpg
10124,s2/NIR/10124/005.jpg
10124,s2/NIR/10124/006.jpg
10124,s2/NIR/10124/007.jpg
10124,s2/NIR/10124/008.jpg
10124,s2/NIR/10124/009.jpg
10124,s2/NIR/10124/010.jpg
10124,s2/NIR/10124/011.jpg
10124,s2/NIR/10124/012.jpg
10124,s2/NIR/10124/013.jpg
10124,s2/NIR/10124/014.jpg
10124,s2/NIR/10124/015.jpg
10124,s2/NIR/10124/016.jpg
10127,s2/NIR/10127/001.jpg
10127,s2/NIR/10127/002.jpg
10127,s2/NIR/10127/003.jpg
10127,s2/NIR/10127/004.jpg
10127,s2/NIR/10127/005.jpg
10127,s2/NIR/10127/006.jpg
10127,s2/NIR/10127/007.jpg
10127,s2/NIR/10127/008.jpg
10127,s2/NIR/10127/009.jpg
10127,s2/NIR/10127/010.jpg
10127,s2/NIR/10127/011.jpg
10127,s2/NIR/10127/012.jpg
10127,s2/NIR/10127/013.jpg
10127,s2/NIR/10127/014.jpg
10127,s2/NIR/10127/015.jpg
10127,s2/NIR/10127/016.jpg
10127,s2/NIR/10127/017.jpg
10127,s2/NIR/10127/018.jpg
10127,s2/NIR/10127/019.jpg
10127,s2/NIR/10127/020.jpg
30480,s4/NIR/30480/001.jpg
30480,s4/NIR/30480/002.jpg
30480,s4/NIR/30480/003.jpg
30480,s4/NIR/30480/004.jpg
30480,s4/NIR/30480/005.jpg
30480,s4/NIR/30480/006.jpg
30480,s4/NIR/30480/007.jpg
30480,s4/NIR/30480/008.jpg
30480,s4/NIR/30480/009.jpg
30480,s4/NIR/30480/010.jpg
30480,s4/NIR/30480/011.jpg
30480,s4/NIR/30480/012.jpg
30480,s4/NIR/30480/013.jpg
30480,s4/NIR/30480/014.jpg
30480,s4/NIR/30480/015.jpg
30480,s4/NIR/30480/016.jpg
30480,s4/NIR/30480/017.jpg
90,s1/NIR/00090/001.jpg
90,s1/NIR/00090/002.jpg
90,s1/NIR/00090/003.jpg
90,s1/NIR/00090/004.jpg
90,s1/NIR/00090/005.jpg
90,s1/NIR/00090/006.jpg
90,s1/NIR/00090/007.jpg
90,s1/NIR/00090/008.jpg
90,s1/NIR/00090/009.jpg
90,s1/NIR/00090/010.jpg
90,s1/NIR/00090/011.jpg
18,s1/NIR/00018/001.jpg
18,s1/NIR/00018/002.jpg
18,s1/NIR/00018/003.jpg
18,s1/NIR/00018/004.jpg
18,s1/NIR/00018/005.jpg
18,s1/NIR/00018/006.jpg
18,s1/NIR/00018/007.jpg
18,s1/NIR/00018/008.jpg
18,s1/NIR/00018/009.jpg
20435,s3/NIR/20435/001.jpg
20435,s3/NIR/20435/002.jpg
20435,s3/NIR/20435/003.jpg
20435,s3/NIR/20435/004.jpg
20435,s3/NIR/20435/005.jpg
20435,s3/NIR/20435/006.jpg
20435,s3/NIR/20435/007.jpg
20435,s3/NIR/20435/008.jpg
20435,s3/NIR/20435/009.jpg
20435,s3/NIR/20435/010.jpg
20435,s3/NIR/20435/011.jpg
20435,s3/NIR/20435/012.jpg
20435,s3/NIR/20435/013.jpg
20435,s3/NIR/20435/014.jpg
20435,s3/NIR/20435/015.jpg
20435,s3/NIR/20435/016.jpg
20435,s3/NIR/20435/017.jpg
20435,s3/NIR/20435/018.jpg
20435,s3/NIR/20435/019.jpg
20435,s3/NIR/20435/020.jpg
30773,s4/NIR/30773/001.jpg
30773,s4/NIR/30773/002.jpg
30773,s4/NIR/30773/003.jpg
30773,s4/NIR/30773/004.jpg
30773,s4/NIR/30773/005.jpg
30773,s4/NIR/30773/006.jpg
30773,s4/NIR/30773/007.jpg
30773,s4/NIR/30773/008.jpg
30773,s4/NIR/30773/009.jpg
30773,s4/NIR/30773/010.jpg
30773,s4/NIR/30773/011.jpg
30773,s4/NIR/30773/012.jpg
30773,s4/NIR/30773/013.jpg
30773,s4/NIR/30773/014.jpg
30773,s4/NIR/30773/015.jpg
30773,s4/NIR/30773/016.jpg
30773,s4/NIR/30773/017.jpg
30773,s4/NIR/30773/018.jpg
30773,s4/NIR/30773/019.jpg
30773,s4/NIR/30773/020.jpg
81,s1/NIR/00081/001.jpg
81,s1/NIR/00081/002.jpg
81,s1/NIR/00081/003.jpg
81,s1/NIR/00081/004.jpg
81,s1/NIR/00081/005.jpg
81,s1/NIR/00081/006.jpg
81,s1/NIR/00081/007.jpg
81,s1/NIR/00081/008.jpg
81,s1/NIR/00081/009.jpg
81,s1/NIR/00081/010.jpg
81,s1/NIR/00081/011.jpg
179,s1/NIR/00179/001.jpg
179,s1/NIR/00179/002.jpg
179,s1/NIR/00179/003.jpg
179,s1/NIR/00179/004.jpg
179,s1/NIR/00179/005.jpg
179,s1/NIR/00179/006.jpg
179,s1/NIR/00179/007.jpg
179,s1/NIR/00179/008.jpg
179,s1/NIR/00179/009.jpg
179,s1/NIR/00179/010.jpg
179,s1/NIR/00179/011.jpg
179,s1/NIR/00179/012.jpg
189,s1/NIR/00189/001.jpg
189,s1/NIR/00189/002.jpg
189,s1/NIR/00189/003.jpg
189,s1/NIR/00189/004.jpg
189,s1/NIR/00189/005.jpg
189,s1/NIR/00189/006.jpg
189,s1/NIR/00189/007.jpg
189,s1/NIR/00189/008.jpg
189,s1/NIR/00189/009.jpg
189,s1/NIR/00189/010.jpg
189,s1/NIR/00189/011.jpg
189,s1/NIR/00189/012.jpg
154,s1/NIR/00154/001.jpg
154,s1/NIR/00154/002.jpg
154,s1/NIR/00154/003.jpg
154,s1/NIR/00154/004.jpg
154,s1/NIR/00154/005.jpg
154,s1/NIR/00154/006.jpg
154,s1/NIR/00154/007.jpg
154,s1/NIR/00154/008.jpg
154,s1/NIR/00154/009.jpg
154,s1/NIR/00154/010.jpg
154,s1/NIR/00154/011.jpg
154,s1/NIR/00154/012.jpg
154,s1/NIR/00154/013.jpg
154,s1/NIR/00154/014.jpg
154,s1/NIR/00154/015.jpg
154,s1/NIR/00154/016.jpg
154,s1/NIR/00154/017.jpg
154,s1/NIR/00154/018.jpg
154,s1/NIR/00154/019.jpg
154,s1/NIR/00154/020.jpg
154,s1/NIR/00154/021.jpg
154,s1/NIR/00154/022.jpg
154,s1/NIR/00154/023.jpg
154,s1/NIR/00154/024.jpg
154,s1/NIR/00154/025.jpg
154,s1/NIR/00154/026.jpg
154,s1/NIR/00154/027.jpg
154,s1/NIR/00154/028.jpg
154,s1/NIR/00154/029.jpg
154,s1/NIR/00154/030.jpg
154,s2/NIR/00154/001.jpg
154,s2/NIR/00154/002.jpg
154,s2/NIR/00154/003.jpg
154,s2/NIR/00154/004.jpg
154,s2/NIR/00154/005.jpg
154,s2/NIR/00154/006.jpg
154,s2/NIR/00154/007.jpg
154,s2/NIR/00154/008.jpg
154,s2/NIR/00154/009.jpg
154,s2/NIR/00154/010.jpg
154,s2/NIR/00154/011.jpg
154,s2/NIR/00154/012.jpg
154,s2/NIR/00154/013.jpg
154,s2/NIR/00154/014.jpg
154,s2/NIR/00154/015.jpg
154,s2/NIR/00154/016.jpg
154,s2/NIR/00154/017.jpg
154,s2/NIR/00154/018.jpg
154,s2/NIR/00154/019.jpg
154,s2/NIR/00154/020.jpg
30781,s4/NIR/30781/001.jpg
30781,s4/NIR/30781/002.jpg
30781,s4/NIR/30781/003.jpg
30781,s4/NIR/30781/004.jpg
30781,s4/NIR/30781/005.jpg
30781,s4/NIR/30781/006.jpg
30781,s4/NIR/30781/007.jpg
30781,s4/NIR/30781/008.jpg
30781,s4/NIR/30781/009.jpg
30781,s4/NIR/30781/010.jpg
30781,s4/NIR/30781/011.jpg
30781,s4/NIR/30781/012.jpg
30781,s4/NIR/30781/013.jpg
30781,s4/NIR/30781/014.jpg
30781,s4/NIR/30781/015.jpg
30781,s4/NIR/30781/016.jpg
30781,s4/NIR/30781/017.jpg
30781,s4/NIR/30781/018.jpg
30781,s4/NIR/30781/019.jpg
30781,s4/NIR/30781/020.jpg
10197,s2/NIR/10197/001.jpg
10197,s2/NIR/10197/002.jpg
10197,s2/NIR/10197/003.jpg
10197,s2/NIR/10197/004.jpg
10197,s2/NIR/10197/005.jpg
10197,s2/NIR/10197/006.jpg
10197,s2/NIR/10197/007.jpg
10197,s2/NIR/10197/008.jpg
10197,s2/NIR/10197/009.jpg
10197,s2/NIR/10197/01-B.jpg
10197,s2/NIR/10197/010.jpg
10197,s2/NIR/10197/011.jpg
10197,s2/NIR/10197/012.jpg
10197,s2/NIR/10197/013.jpg
10197,s2/NIR/10197/014.jpg
10197,s2/NIR/10197/015.jpg
10197,s2/NIR/10197/016.jpg
10197,s2/NIR/10197/017.jpg
10197,s2/NIR/10197/018.jpg
10197,s2/NIR/10197/019.jpg
10197,s2/NIR/10197/02-B.jpg
10197,s2/NIR/10197/04-B.jpg
10197,s2/NIR/10197/06-B.jpg
10197,s2/NIR/10197/07-B.jpg
10197,s2/NIR/10197/08-B.jpg
10197,s2/NIR/10197/09-B.jpg
10197,s2/NIR/10197/10-B.jpg
10197,s2/NIR/10197/11-B.jpg
10197,s2/NIR/10197/12-B.jpg
10197,s2/NIR/10197/13-B.jpg
10197,s2/NIR/10197/14-B.jpg
10197,s2/NIR/10197/15-B.jpg
10197,s2/NIR/10197/16-B.jpg
10197,s2/NIR/10197/17-B.jpg
10197,s2/NIR/10197/18-B.jpg
10197,s2/NIR/10197/19-B.jpg
10197,s2/NIR/10197/20-B.jpg
56,s1/NIR/00056/001.jpg
56,s1/NIR/00056/002.jpg
56,s1/NIR/00056/003.jpg
56,s1/NIR/00056/004.jpg
56,s1/NIR/00056/005.jpg
56,s1/NIR/00056/006.jpg
56,s1/NIR/00056/007.jpg
56,s1/NIR/00056/008.jpg
56,s1/NIR/00056/009.jpg
56,s1/NIR/00056/010.jpg
56,s1/NIR/00056/011.jpg
10140,s2/NIR/10140/001.jpg
10140,s2/NIR/10140/002.jpg
10140,s2/NIR/10140/003.jpg
10140,s2/NIR/10140/004.jpg
10140,s2/NIR/10140/005.jpg
10140,s2/NIR/10140/006.jpg
10140,s2/NIR/10140/007.jpg
10140,s2/NIR/10140/008.jpg
10140,s2/NIR/10140/009.jpg
10140,s2/NIR/10140/010.jpg
10140,s2/NIR/10140/011.jpg
10140,s2/NIR/10140/012.jpg
10140,s2/NIR/10140/013.jpg
10140,s2/NIR/10140/014.jpg
10140,s2/NIR/10140/015.jpg
10140,s2/NIR/10140/016.jpg
10140,s2/NIR/10140/017.jpg
10140,s2/NIR/10140/018.jpg
10140,s2/NIR/10140/019.jpg
10140,s2/NIR/10140/020.jpg
10217,s2/NIR/10217/001.jpg
10217,s2/NIR/10217/002.jpg
10217,s2/NIR/10217/003.jpg
10217,s2/NIR/10217/004.jpg
10217,s2/NIR/10217/005.jpg
10217,s2/NIR/10217/006.jpg
10217,s2/NIR/10217/007.jpg
10217,s2/NIR/10217/008.jpg
10217,s2/NIR/10217/009.jpg
10217,s2/NIR/10217/010.jpg
10217,s2/NIR/10217/011.jpg
10217,s2/NIR/10217/012.jpg
10217,s2/NIR/10217/013.jpg
10217,s2/NIR/10217/014.jpg
10217,s2/NIR/10217/015.jpg
10217,s2/NIR/10217/016.jpg
10217,s2/NIR/10217/017.jpg
10217,s2/NIR/10217/018.jpg
10217,s2/NIR/10217/019.jpg
10217,s2/NIR/10217/020.jpg
20476,s3/NIR/20476/001.jpg
20476,s3/NIR/20476/002.jpg
20476,s3/NIR/20476/003.jpg
20476,s3/NIR/20476/004.jpg
20476,s3/NIR/20476/005.jpg
20476,s3/NIR/20476/006.jpg
20476,s3/NIR/20476/007.jpg
20476,s3/NIR/20476/008.jpg
20476,s3/NIR/20476/009.jpg
20476,s3/NIR/20476/010.jpg
20476,s3/NIR/20476/011.jpg
20476,s3/NIR/20476/012.jpg
20476,s3/NIR/20476/013.jpg
20476,s3/NIR/20476/014.jpg
20476,s3/NIR/20476/015.jpg
20476,s3/NIR/20476/016.jpg
20476,s3/NIR/20476/017.jpg
20476,s3/NIR/20476/018.jpg
20476,s3/NIR/20476/019.jpg
20476,s3/NIR/20476/020.jpg
20403,s3/NIR/20403/001.jpg
20403,s3/NIR/20403/002.jpg
20403,s3/NIR/20403/003.jpg
20403,s3/NIR/20403/004.jpg
20403,s3/NIR/20403/005.jpg
20403,s3/NIR/20403/006.jpg
20403,s3/NIR/20403/007.jpg
20403,s3/NIR/20403/008.jpg
20403,s3/NIR/20403/009.jpg
20403,s3/NIR/20403/010.jpg
20403,s3/NIR/20403/011.jpg
20403,s3/NIR/20403/012.jpg
20403,s3/NIR/20403/013.jpg
20403,s3/NIR/20403/014.jpg
20403,s3/NIR/20403/015.jpg
10097,s2/NIR/10097/001.jpg
10097,s2/NIR/10097/002.jpg
10097,s2/NIR/10097/003.jpg
10097,s2/NIR/10097/004.jpg
10097,s2/NIR/10097/005.jpg
10097,s2/NIR/10097/006.jpg
10097,s2/NIR/10097/007.jpg
10097,s2/NIR/10097/008.jpg
10097,s2/NIR/10097/009.jpg
10097,s2/NIR/10097/010.jpg
10097,s2/NIR/10097/011.jpg
10097,s2/NIR/10097/012.jpg
10097,s2/NIR/10097/013.jpg
10097,s2/NIR/10097/014.jpg
10097,s2/NIR/10097/015.jpg
10072,s2/NIR/10072/001.jpg
10072,s2/NIR/10072/002.jpg
10072,s2/NIR/10072/003.jpg
10072,s2/NIR/10072/004.jpg
10072,s2/NIR/10072/005.jpg
10072,s2/NIR/10072/006.jpg
10072,s2/NIR/10072/007.jpg
10072,s2/NIR/10072/008.jpg
10072,s2/NIR/10072/009.jpg
10072,s2/NIR/10072/010.jpg
10072,s2/NIR/10072/011.jpg
10072,s2/NIR/10072/012.jpg
10072,s2/NIR/10072/013.jpg
10072,s2/NIR/10072/014.jpg
10072,s2/NIR/10072/015.jpg
10072,s2/NIR/10072/016.jpg
10072,s2/NIR/10072/017.jpg
10072,s2/NIR/10072/018.jpg
10072,s2/NIR/10072/019.jpg
72,s1/NIR/00072/001.jpg
72,s1/NIR/00072/002.jpg
72,s1/NIR/00072/003.jpg
72,s1/NIR/00072/004.jpg
72,s1/NIR/00072/005.jpg
72,s1/NIR/00072/006.jpg
72,s1/NIR/00072/007.jpg
72,s1/NIR/00072/008.jpg
72,s1/NIR/00072/009.jpg
72,s1/NIR/00072/010.jpg
72,s1/NIR/00072/011.jpg
10194,s2/NIR/10194/01-B.jpg
10194,s2/NIR/10194/02-B.jpg
10194,s2/NIR/10194/03-B.jpg
10194,s2/NIR/10194/04-B.jpg
10194,s2/NIR/10194/05-B.jpg
10194,s2/NIR/10194/06-B.jpg
10194,s2/NIR/10194/07-B.jpg
10194,s2/NIR/10194/08-B.jpg
10194,s2/NIR/10194/09-B.jpg
10194,s2/NIR/10194/10-B.jpg
10194,s2/NIR/10194/11-B.jpg
10194,s2/NIR/10194/12-B.jpg
10194,s2/NIR/10194/13-B.jpg
10194,s2/NIR/10194/14-B.jpg
10194,s2/NIR/10194/15-B.jpg
10194,s2/NIR/10194/16-B.jpg
10194,s2/NIR/10194/17-B.jpg
10194,s2/NIR/10194/18-B.jpg
10194,s2/NIR/10194/19-B.jpg
10194,s2/NIR/10194/20-B.jpg
10139,s2/NIR/10139/001.jpg
10139,s2/NIR/10139/002.jpg
10139,s2/NIR/10139/003.jpg
10139,s2/NIR/10139/004.jpg
10139,s2/NIR/10139/005.jpg
10139,s2/NIR/10139/006.jpg
10139,s2/NIR/10139/007.jpg
10139,s2/NIR/10139/008.jpg
10139,s2/NIR/10139/009.jpg
10139,s2/NIR/10139/010.jpg
10139,s2/NIR/10139/011.jpg
10139,s2/NIR/10139/012.jpg
10139,s2/NIR/10139/013.jpg
10139,s2/NIR/10139/014.jpg
10139,s2/NIR/10139/015.jpg
10139,s2/NIR/10139/016.jpg
10139,s2/NIR/10139/017.jpg
10139,s2/NIR/10139/018.jpg
10139,s2/NIR/10139/019.jpg
10139,s2/NIR/10139/020.jpg
10297,s2/NIR/10297/001.jpg
10297,s2/NIR/10297/002.jpg
10297,s2/NIR/10297/003.jpg
10297,s2/NIR/10297/004.jpg
10297,s2/NIR/10297/005.jpg
10297,s2/NIR/10297/006.jpg
10297,s2/NIR/10297/007.jpg
10297,s2/NIR/10297/008.jpg
10297,s2/NIR/10297/009.jpg
10297,s2/NIR/10297/010.jpg
10297,s2/NIR/10297/011.jpg
10297,s2/NIR/10297/012.jpg
10297,s2/NIR/10297/013.jpg
10297,s2/NIR/10297/014.jpg
10297,s2/NIR/10297/015.jpg
10297,s2/NIR/10297/016.jpg
10297,s2/NIR/10297/017.jpg
10297,s2/NIR/10297/018.jpg
10297,s2/NIR/10297/019.jpg
10297,s2/NIR/10297/020.jpg
30565,s4/NIR/30565/001.jpg
30565,s4/NIR/30565/002.jpg
30565,s4/NIR/30565/003.jpg
30565,s4/NIR/30565/004.jpg
30565,s4/NIR/30565/005.jpg
30565,s4/NIR/30565/006.jpg
30565,s4/NIR/30565/007.jpg
30565,s4/NIR/30565/008.jpg
30565,s4/NIR/30565/009.jpg
30565,s4/NIR/30565/010.jpg
30565,s4/NIR/30565/011.jpg
30565,s4/NIR/30565/012.jpg
30565,s4/NIR/30565/013.jpg
30565,s4/NIR/30565/014.jpg
30565,s4/NIR/30565/015.jpg
30565,s4/NIR/30565/016.jpg
30565,s4/NIR/30565/017.jpg
30565,s4/NIR/30565/018.jpg
30565,s4/NIR/30565/019.jpg
30565,s4/NIR/30565/020.jpg
10088,s2/NIR/10088/001.jpg
10088,s2/NIR/10088/002.jpg
10088,s2/NIR/10088/003.jpg
10088,s2/NIR/10088/004.jpg
10088,s2/NIR/10088/005.jpg
10088,s2/NIR/10088/006.jpg
10088,s2/NIR/10088/007.jpg
10088,s2/NIR/10088/008.jpg
10088,s2/NIR/10088/009.jpg
10088,s2/NIR/10088/010.jpg
10088,s2/NIR/10088/011.jpg
10088,s2/NIR/10088/012.jpg
10088,s2/NIR/10088/013.jpg
10088,s2/NIR/10088/014.jpg
10088,s2/NIR/10088/015.jpg
10088,s2/NIR/10088/016.jpg
10088,s2/NIR/10088/017.jpg
10088,s2/NIR/10088/018.jpg
10088,s2/NIR/10088/019.jpg
10302,s2/NIR/10302/001.jpg
10302,s2/NIR/10302/002.jpg
10302,s2/NIR/10302/003.jpg
10302,s2/NIR/10302/004.jpg
10302,s2/NIR/10302/005.jpg
10302,s2/NIR/10302/006.jpg
10302,s2/NIR/10302/007.jpg
10302,s2/NIR/10302/008.jpg
10302,s2/NIR/10302/009.jpg
10302,s2/NIR/10302/010.jpg
10302,s2/NIR/10302/011.jpg
10302,s2/NIR/10302/012.jpg
10302,s2/NIR/10302/013.jpg
10302,s2/NIR/10302/014.jpg
10302,s2/NIR/10302/015.jpg
10302,s2/NIR/10302/016.jpg
10302,s2/NIR/10302/017.jpg
10302,s2/NIR/10302/018.jpg
10302,s2/NIR/10302/019.jpg
10168,s2/NIR/10168/001.jpg
10168,s2/NIR/10168/002.jpg
10168,s2/NIR/10168/003.jpg
10168,s2/NIR/10168/004.jpg
10168,s2/NIR/10168/005.jpg
10168,s2/NIR/10168/006.jpg
10168,s2/NIR/10168/007.jpg
10168,s2/NIR/10168/008.jpg
10168,s2/NIR/10168/009.jpg
10168,s2/NIR/10168/010.jpg
10168,s2/NIR/10168/011.jpg
10168,s2/NIR/10168/012.jpg
10168,s2/NIR/10168/013.jpg
10168,s2/NIR/10168/014.jpg
10168,s2/NIR/10168/015.jpg
10168,s2/NIR/10168/016.jpg
10168,s2/NIR/10168/017.jpg
10240,s2/NIR/10240/001.jpg
10240,s2/NIR/10240/002.jpg
10240,s2/NIR/10240/003.jpg
10240,s2/NIR/10240/004.jpg
10240,s2/NIR/10240/005.jpg
10240,s2/NIR/10240/006.jpg
10240,s2/NIR/10240/007.jpg
10240,s2/NIR/10240/008.jpg
10240,s2/NIR/10240/009.jpg
10240,s2/NIR/10240/010.jpg
10240,s2/NIR/10240/011.jpg
10240,s2/NIR/10240/012.jpg
10240,s2/NIR/10240/013.jpg
10240,s2/NIR/10240/014.jpg
10240,s2/NIR/10240/015.jpg
10240,s2/NIR/10240/016.jpg
10240,s2/NIR/10240/017.jpg
10240,s2/NIR/10240/018.jpg
10240,s2/NIR/10240/019.jpg
10240,s2/NIR/10240/020.jpg
28,s1/NIR/00028/001.jpg
28,s1/NIR/00028/002.jpg
28,s1/NIR/00028/003.jpg
28,s1/NIR/00028/004.jpg
28,s1/NIR/00028/005.jpg
28,s1/NIR/00028/006.jpg
28,s1/NIR/00028/007.jpg
28,s1/NIR/00028/008.jpg
28,s1/NIR/00028/009.jpg
28,s1/NIR/00028/010.jpg
28,s1/NIR/00028/011.jpg
28,s1/NIR/00028/012.jpg
28,s1/NIR/00028/013.jpg
20325,s3/NIR/20325/001.jpg
20325,s3/NIR/20325/002.jpg
20325,s3/NIR/20325/003.jpg
20325,s3/NIR/20325/004.jpg
20325,s3/NIR/20325/005.jpg
20325,s3/NIR/20325/006.jpg
20325,s3/NIR/20325/007.jpg
20325,s3/NIR/20325/008.jpg
20325,s3/NIR/20325/009.jpg
20325,s3/NIR/20325/010.jpg
20325,s3/NIR/20325/011.jpg
20325,s3/NIR/20325/012.jpg
20325,s3/NIR/20325/013.jpg
10290,s2/NIR/10290/001.jpg
10290,s2/NIR/10290/002.jpg
10290,s2/NIR/10290/003.jpg
10290,s2/NIR/10290/004.jpg
10290,s2/NIR/10290/005.jpg
10290,s2/NIR/10290/006.jpg
10290,s2/NIR/10290/007.jpg
10290,s2/NIR/10290/008.jpg
10290,s2/NIR/10290/009.jpg
10290,s2/NIR/10290/010.jpg
10290,s2/NIR/10290/011.jpg
10290,s2/NIR/10290/012.jpg
10290,s2/NIR/10290/013.jpg
10290,s2/NIR/10290/014.jpg
10290,s2/NIR/10290/015.jpg
10290,s2/NIR/10290/016.jpg
10290,s2/NIR/10290/017.jpg
10290,s2/NIR/10290/018.jpg
10290,s2/NIR/10290/019.jpg
20495,s3/NIR/20495/001.jpg
20495,s3/NIR/20495/002.jpg
20495,s3/NIR/20495/003.jpg
20495,s3/NIR/20495/004.jpg
20495,s3/NIR/20495/005.jpg
20495,s3/NIR/20495/006.jpg
20495,s3/NIR/20495/007.jpg
20495,s3/NIR/20495/008.jpg
20495,s3/NIR/20495/009.jpg
20495,s3/NIR/20495/010.jpg
20495,s3/NIR/20495/011.jpg
20495,s3/NIR/20495/012.jpg
20495,s3/NIR/20495/013.jpg
20495,s3/NIR/20495/014.jpg
20333,s3/NIR/20333/001.jpg
20333,s3/NIR/20333/002.jpg
20333,s3/NIR/20333/003.jpg
20333,s3/NIR/20333/004.jpg
20333,s3/NIR/20333/005.jpg
20333,s3/NIR/20333/006.jpg
20333,s3/NIR/20333/007.jpg
20333,s3/NIR/20333/008.jpg
20333,s3/NIR/20333/009.jpg
20333,s3/NIR/20333/010.jpg
20333,s3/NIR/20333/011.jpg
20333,s3/NIR/20333/012.jpg
20333,s3/NIR/20333/013.jpg
20333,s3/NIR/20333/014.jpg
20333,s3/NIR/20333/015.jpg
10239,s2/NIR/10239/001.jpg
10239,s2/NIR/10239/002.jpg
10239,s2/NIR/10239/003.jpg
10239,s2/NIR/10239/004.jpg
10239,s2/NIR/10239/005.jpg
10239,s2/NIR/10239/006.jpg
10239,s2/NIR/10239/007.jpg
10239,s2/NIR/10239/008.jpg
10239,s2/NIR/10239/009.jpg
10239,s2/NIR/10239/010.jpg
10239,s2/NIR/10239/011.jpg
10239,s2/NIR/10239/012.jpg
10239,s2/NIR/10239/013.jpg
10239,s2/NIR/10239/014.jpg
10239,s2/NIR/10239/015.jpg
10239,s2/NIR/10239/016.jpg
178,s1/NIR/00178/001.jpg
178,s1/NIR/00178/002.jpg
178,s1/NIR/00178/003.jpg
178,s1/NIR/00178/004.jpg
178,s1/NIR/00178/005.jpg
178,s1/NIR/00178/006.jpg
178,s1/NIR/00178/007.jpg
178,s1/NIR/00178/008.jpg
178,s1/NIR/00178/009.jpg
178,s1/NIR/00178/010.jpg
178,s1/NIR/00178/011.jpg
178,s2/NIR/00178/001.jpg
178,s2/NIR/00178/002.jpg
178,s2/NIR/00178/003.jpg
178,s2/NIR/00178/004.jpg
178,s2/NIR/00178/005.jpg
178,s2/NIR/00178/006.jpg
178,s2/NIR/00178/007.jpg
178,s2/NIR/00178/008.jpg
178,s2/NIR/00178/009.jpg
178,s2/NIR/00178/010.jpg
178,s2/NIR/00178/011.jpg
178,s2/NIR/00178/012.jpg
178,s2/NIR/00178/013.jpg
178,s2/NIR/00178/014.jpg
178,s2/NIR/00178/015.jpg
178,s2/NIR/00178/016.jpg
178,s2/NIR/00178/017.jpg
178,s2/NIR/00178/018.jpg
10210,s2/NIR/10210/001.jpg
10210,s2/NIR/10210/002.jpg
10210,s2/NIR/10210/003.jpg
10210,s2/NIR/10210/004.jpg
10210,s2/NIR/10210/005.jpg
10210,s2/NIR/10210/006.jpg
10210,s2/NIR/10210/007.jpg
10210,s2/NIR/10210/008.jpg
10210,s2/NIR/10210/009.jpg
10210,s2/NIR/10210/010.jpg
10210,s2/NIR/10210/011.jpg
10210,s2/NIR/10210/012.jpg
10210,s2/NIR/10210/013.jpg
10210,s2/NIR/10210/014.jpg
10210,s2/NIR/10210/015.jpg
10210,s2/NIR/10210/016.jpg
10210,s2/NIR/10210/017.jpg
10210,s2/NIR/10210/018.jpg
10210,s2/NIR/10210/019.jpg
10210,s2/NIR/10210/020.jpg
20349,s3/NIR/20349/001.jpg
20349,s3/NIR/20349/002.jpg
20349,s3/NIR/20349/003.jpg
20349,s3/NIR/20349/004.jpg
20349,s3/NIR/20349/005.jpg
20349,s3/NIR/20349/006.jpg
20349,s3/NIR/20349/007.jpg
20349,s3/NIR/20349/008.jpg
20349,s3/NIR/20349/009.jpg
20349,s3/NIR/20349/010.jpg
20349,s3/NIR/20349/011.jpg
20349,s3/NIR/20349/012.jpg
20349,s3/NIR/20349/013.jpg
35,s1/NIR/00035/001.jpg
35,s1/NIR/00035/002.jpg
35,s1/NIR/00035/003.jpg
35,s1/NIR/00035/004.jpg
35,s1/NIR/00035/005.jpg
35,s1/NIR/00035/006.jpg
35,s1/NIR/00035/007.jpg
35,s1/NIR/00035/008.jpg
35,s1/NIR/00035/009.jpg
35,s1/NIR/00035/010.jpg
35,s1/NIR/00035/011.jpg
35,s1/NIR/00035/012.jpg
10175,s2/NIR/10175/001.jpg
10175,s2/NIR/10175/002.jpg
10175,s2/NIR/10175/003.jpg
10175,s2/NIR/10175/004.jpg
10175,s2/NIR/10175/005.jpg
10175,s2/NIR/10175/006.jpg
10175,s2/NIR/10175/007.jpg
10175,s2/NIR/10175/008.jpg
10175,s2/NIR/10175/009.jpg
10175,s2/NIR/10175/010.jpg
10175,s2/NIR/10175/011.jpg
10211,s2/NIR/10211/001.jpg
10211,s2/NIR/10211/002.jpg
10211,s2/NIR/10211/003.jpg
10211,s2/NIR/10211/004.jpg
10211,s2/NIR/10211/005.jpg
10211,s2/NIR/10211/006.jpg
10211,s2/NIR/10211/007.jpg
10211,s2/NIR/10211/008.jpg
10211,s2/NIR/10211/009.jpg
10211,s2/NIR/10211/010.jpg
10211,s2/NIR/10211/011.jpg
10211,s2/NIR/10211/012.jpg
10211,s2/NIR/10211/013.jpg
10211,s2/NIR/10211/014.jpg
10211,s2/NIR/10211/015.jpg
10211,s2/NIR/10211/016.jpg
10211,s2/NIR/10211/017.jpg
10211,s2/NIR/10211/018.jpg
10211,s2/NIR/10211/019.jpg
10211,s2/NIR/10211/020.jpg
10298,s2/NIR/10298/001.jpg
10298,s2/NIR/10298/002.jpg
10298,s2/NIR/10298/003.jpg
10298,s2/NIR/10298/004.jpg
10298,s2/NIR/10298/005.jpg
10298,s2/NIR/10298/006.jpg
10298,s2/NIR/10298/007.jpg
10298,s2/NIR/10298/008.jpg
10298,s2/NIR/10298/009.jpg
10298,s2/NIR/10298/010.jpg
10298,s2/NIR/10298/011.jpg
10298,s2/NIR/10298/012.jpg
10298,s2/NIR/10298/013.jpg
10298,s2/NIR/10298/014.jpg
10298,s2/NIR/10298/015.jpg
10298,s2/NIR/10298/016.jpg
10298,s2/NIR/10298/017.jpg
10298,s2/NIR/10298/018.jpg
20336,s3/NIR/20336/001.jpg
20336,s3/NIR/20336/002.jpg
20336,s3/NIR/20336/003.jpg
20336,s3/NIR/20336/004.jpg
20336,s3/NIR/20336/005.jpg
20336,s3/NIR/20336/006.jpg
20336,s3/NIR/20336/007.jpg
20336,s3/NIR/20336/008.jpg
20336,s3/NIR/20336/009.jpg
20336,s3/NIR/20336/010.jpg
20336,s3/NIR/20336/011.jpg
20336,s3/NIR/20336/012.jpg
20336,s3/NIR/20336/013.jpg
20336,s3/NIR/20336/014.jpg
20336,s3/NIR/20336/015.jpg
20336,s3/NIR/20336/016.jpg
20336,s3/NIR/20336/017.jpg
20336,s3/NIR/20336/018.jpg
20336,s3/NIR/20336/019.jpg
20336,s3/NIR/20336/020.jpg
95,s1/NIR/00095/001.jpg
95,s1/NIR/00095/002.jpg
95,s1/NIR/00095/003.jpg
95,s1/NIR/00095/004.jpg
95,s1/NIR/00095/005.jpg
95,s1/NIR/00095/006.jpg
95,s1/NIR/00095/007.jpg
95,s1/NIR/00095/008.jpg
95,s1/NIR/00095/009.jpg
95,s1/NIR/00095/010.jpg
95,s1/NIR/00095/011.jpg
95,s1/NIR/00095/012.jpg
20446,s3/NIR/20446/001.jpg
20446,s3/NIR/20446/002.jpg
20446,s3/NIR/20446/003.jpg
20446,s3/NIR/20446/004.jpg
20446,s3/NIR/20446/005.jpg
20446,s3/NIR/20446/006.jpg
20446,s3/NIR/20446/007.jpg
20446,s3/NIR/20446/008.jpg
20446,s3/NIR/20446/009.jpg
20446,s3/NIR/20446/010.jpg
20446,s3/NIR/20446/011.jpg
20446,s3/NIR/20446/012.jpg
20446,s3/NIR/20446/013.jpg
20446,s3/NIR/20446/014.jpg
20446,s3/NIR/20446/015.jpg
10103,s2/NIR/10103/001.jpg
10103,s2/NIR/10103/002.jpg
10103,s2/NIR/10103/003.jpg
10103,s2/NIR/10103/004.jpg
10103,s2/NIR/10103/005.jpg
10103,s2/NIR/10103/006.jpg
10103,s2/NIR/10103/007.jpg
10103,s2/NIR/10103/008.jpg
10103,s2/NIR/10103/009.jpg
10103,s2/NIR/10103/010.jpg
10103,s2/NIR/10103/011.jpg
10103,s2/NIR/10103/012.jpg
10103,s2/NIR/10103/013.jpg
10103,s2/NIR/10103/014.jpg
10103,s2/NIR/10103/015.jpg
10103,s2/NIR/10103/016.jpg
10103,s2/NIR/10103/017.jpg
10103,s2/NIR/10103/018.jpg
10103,s2/NIR/10103/019.jpg
10309,s2/NIR/10309/01-B.jpg
10309,s2/NIR/10309/02-B.jpg
10309,s2/NIR/10309/03-B.jpg
10309,s2/NIR/10309/04-B.jpg
10309,s2/NIR/10309/05-B.jpg
10309,s2/NIR/10309/06-B.jpg
10309,s2/NIR/10309/07-B.jpg
10309,s2/NIR/10309/08-B.jpg
10309,s2/NIR/10309/09-B.jpg
10309,s2/NIR/10309/10-B.jpg
10309,s2/NIR/10309/11-B.jpg
10309,s2/NIR/10309/12-B.jpg
10309,s2/NIR/10309/13-B.jpg
10309,s2/NIR/10309/14-B.jpg
10309,s2/NIR/10309/15-B.jpg
10309,s2/NIR/10309/16-B.jpg
10309,s2/NIR/10309/17-B.jpg
10309,s2/NIR/10309/18-B.jpg
10309,s2/NIR/10309/19-B.jpg
10309,s2/NIR/10309/20-B.jpg
129,s1/NIR/00129/001.jpg
129,s1/NIR/00129/002.jpg
129,s1/NIR/00129/003.jpg
129,s1/NIR/00129/004.jpg
129,s1/NIR/00129/005.jpg
129,s1/NIR/00129/006.jpg
129,s1/NIR/00129/007.jpg
129,s1/NIR/00129/008.jpg
129,s1/NIR/00129/009.jpg
129,s1/NIR/00129/010.jpg
129,s1/NIR/00129/011.jpg
129,s1/NIR/00129/012.jpg
129,s1/NIR/00129/013.jpg
129,s1/NIR/00129/014.jpg
129,s1/NIR/00129/015.jpg
129,s1/NIR/00129/016.jpg
129,s1/NIR/00129/017.jpg
21,s1/NIR/00021/001.jpg
21,s1/NIR/00021/002.jpg
21,s1/NIR/00021/003.jpg
21,s1/NIR/00021/004.jpg
21,s1/NIR/00021/005.jpg
21,s1/NIR/00021/006.jpg
21,s1/NIR/00021/007.jpg
21,s1/NIR/00021/008.jpg
21,s1/NIR/00021/009.jpg
20449,s3/NIR/20449/001.jpg
20449,s3/NIR/20449/002.jpg
20449,s3/NIR/20449/003.jpg
20449,s3/NIR/20449/004.jpg
20449,s3/NIR/20449/005.jpg
20449,s3/NIR/20449/006.jpg
20449,s3/NIR/20449/007.jpg
20449,s3/NIR/20449/008.jpg
20449,s3/NIR/20449/009.jpg
20449,s3/NIR/20449/010.jpg
20449,s3/NIR/20449/011.jpg
20449,s3/NIR/20449/012.jpg
20449,s3/NIR/20449/013.jpg
20449,s3/NIR/20449/014.jpg
20449,s3/NIR/20449/015.jpg
20449,s3/NIR/20449/016.jpg
20449,s3/NIR/20449/017.jpg
20449,s3/NIR/20449/018.jpg
20449,s3/NIR/20449/019.jpg
20449,s3/NIR/20449/020.jpg
10193,s2/NIR/10193/01-B.jpg
10193,s2/NIR/10193/02-B.jpg
10193,s2/NIR/10193/03-B.jpg
10193,s2/NIR/10193/04-B.jpg
10193,s2/NIR/10193/05-B.jpg
10193,s2/NIR/10193/06-B.jpg
10193,s2/NIR/10193/07-B.jpg
10193,s2/NIR/10193/08-B.jpg
10193,s2/NIR/10193/09-B.jpg
10193,s2/NIR/10193/10-B.jpg
10193,s2/NIR/10193/11-B.jpg
10193,s2/NIR/10193/12-B.jpg
10193,s2/NIR/10193/13-B.jpg
10193,s2/NIR/10193/14-B.jpg
10193,s2/NIR/10193/15-B.jpg
10193,s2/NIR/10193/16-B.jpg
10193,s2/NIR/10193/17-B.jpg
10193,s2/NIR/10193/18-B.jpg
10193,s2/NIR/10193/19-B.jpg
10193,s2/NIR/10193/20-B.jpg
16,s1/NIR/00016/001.jpg
16,s1/NIR/00016/002.jpg
16,s1/NIR/00016/003.jpg
16,s1/NIR/00016/004.jpg
16,s1/NIR/00016/005.jpg
16,s1/NIR/00016/006.jpg
16,s1/NIR/00016/007.jpg
16,s1/NIR/00016/008.jpg
16,s1/NIR/00016/009.jpg
16,s1/NIR/00016/010.jpg
16,s1/NIR/00016/011.jpg
16,s1/NIR/00016/012.jpg
16,s1/NIR/00016/013.jpg
16,s1/NIR/00016/014.jpg
16,s1/NIR/00016/015.jpg
16,s1/NIR/00016/016.jpg
16,s1/NIR/00016/017.jpg
16,s1/NIR/00016/018.jpg
16,s1/NIR/00016/019.jpg
16,s1/NIR/00016/020.jpg
16,s1/NIR/00016/021.jpg
16,s1/NIR/00016/022.jpg
171,s1/NIR/00171/001.jpg
171,s1/NIR/00171/002.jpg
171,s1/NIR/00171/003.jpg
171,s1/NIR/00171/004.jpg
171,s1/NIR/00171/005.jpg
171,s1/NIR/00171/006.jpg
171,s1/NIR/00171/007.jpg
171,s1/NIR/00171/008.jpg
10160,s2/NIR/10160/001.jpg
10160,s2/NIR/10160/002.jpg
10160,s2/NIR/10160/003.jpg
10160,s2/NIR/10160/004.jpg
10160,s2/NIR/10160/005.jpg
10160,s2/NIR/10160/006.jpg
10160,s2/NIR/10160/007.jpg
10160,s2/NIR/10160/008.jpg
10160,s2/NIR/10160/009.jpg
10160,s2/NIR/10160/010.jpg
10160,s2/NIR/10160/011.jpg
10160,s2/NIR/10160/012.jpg
10248,s2/NIR/10248/001.jpg
10248,s2/NIR/10248/002.jpg
10248,s2/NIR/10248/003.jpg
10248,s2/NIR/10248/004.jpg
10248,s2/NIR/10248/005.jpg
10248,s2/NIR/10248/006.jpg
10248,s2/NIR/10248/007.jpg
10248,s2/NIR/10248/008.jpg
10248,s2/NIR/10248/009.jpg
10248,s2/NIR/10248/010.jpg
10248,s2/NIR/10248/011.jpg
10248,s2/NIR/10248/012.jpg
10248,s2/NIR/10248/013.jpg
10248,s2/NIR/10248/014.jpg
10248,s2/NIR/10248/015.jpg
10248,s2/NIR/10248/016.jpg
10248,s2/NIR/10248/017.jpg
10248,s2/NIR/10248/018.jpg
10248,s2/NIR/10248/019.jpg
98,s1/NIR/00098/001.jpg
98,s1/NIR/00098/002.jpg
98,s1/NIR/00098/003.jpg
98,s1/NIR/00098/004.jpg
98,s1/NIR/00098/005.jpg
98,s1/NIR/00098/006.jpg
98,s1/NIR/00098/007.jpg
98,s1/NIR/00098/008.jpg
98,s1/NIR/00098/009.jpg
98,s1/NIR/00098/010.jpg
98,s1/NIR/00098/011.jpg
10141,s2/NIR/10141/001.jpg
10141,s2/NIR/10141/002.jpg
10141,s2/NIR/10141/003.jpg
10141,s2/NIR/10141/004.jpg
10141,s2/NIR/10141/005.jpg
10141,s2/NIR/10141/006.jpg
10141,s2/NIR/10141/007.jpg
10141,s2/NIR/10141/008.jpg
10141,s2/NIR/10141/009.jpg
10141,s2/NIR/10141/010.jpg
10141,s2/NIR/10141/011.jpg
10141,s2/NIR/10141/012.jpg
10141,s2/NIR/10141/013.jpg
10141,s2/NIR/10141/014.jpg
10141,s2/NIR/10141/015.jpg
10141,s2/NIR/10141/016.jpg
10141,s2/NIR/10141/017.jpg
10141,s2/NIR/10141/018.jpg
10141,s2/NIR/10141/019.jpg
10141,s2/NIR/10141/020.jpg
20470,s3/NIR/20470/001.jpg
20470,s3/NIR/20470/002.jpg
20470,s3/NIR/20470/003.jpg
20470,s3/NIR/20470/004.jpg
20470,s3/NIR/20470/005.jpg
20470,s3/NIR/20470/006.jpg
20470,s3/NIR/20470/007.jpg
20470,s3/NIR/20470/008.jpg
20470,s3/NIR/20470/009.jpg
20470,s3/NIR/20470/010.jpg
20470,s3/NIR/20470/011.jpg
20470,s3/NIR/20470/012.jpg
20470,s3/NIR/20470/013.jpg
20470,s3/NIR/20470/014.jpg
20470,s3/NIR/20470/015.jpg
20470,s3/NIR/20470/016.jpg
20470,s3/NIR/20470/017.jpg
20470,s3/NIR/20470/018.jpg
10275,s2/NIR/10275/001.jpg
10275,s2/NIR/10275/002.jpg
10275,s2/NIR/10275/003.jpg
10275,s2/NIR/10275/004.jpg
10275,s2/NIR/10275/005.jpg
10275,s2/NIR/10275/006.jpg
10275,s2/NIR/10275/007.jpg
10275,s2/NIR/10275/008.jpg
10275,s2/NIR/10275/009.jpg
10275,s2/NIR/10275/010.jpg
10275,s2/NIR/10275/011.jpg
10275,s2/NIR/10275/012.jpg
10275,s2/NIR/10275/013.jpg
10275,s2/NIR/10275/014.jpg
10275,s2/NIR/10275/015.jpg
10275,s2/NIR/10275/016.jpg
10275,s2/NIR/10275/017.jpg
10275,s2/NIR/10275/018.jpg
10275,s2/NIR/10275/019.jpg
186,s1/NIR/00186/001.jpg
186,s1/NIR/00186/002.jpg
186,s1/NIR/00186/003.jpg
186,s1/NIR/00186/004.jpg
186,s1/NIR/00186/005.jpg
186,s1/NIR/00186/006.jpg
186,s1/NIR/00186/007.jpg
186,s1/NIR/00186/008.jpg
186,s1/NIR/00186/009.jpg
186,s1/NIR/00186/010.jpg
186,s1/NIR/00186/011.jpg
186,s1/NIR/00186/012.jpg
10025,s2/NIR/10025/001.jpg
10025,s2/NIR/10025/002.jpg
10025,s2/NIR/10025/003.jpg
10025,s2/NIR/10025/004.jpg
10025,s2/NIR/10025/005.jpg
10025,s2/NIR/10025/006.jpg
10025,s2/NIR/10025/007.jpg
10025,s2/NIR/10025/008.jpg
10025,s2/NIR/10025/009.jpg
10025,s2/NIR/10025/010.jpg
10025,s2/NIR/10025/011.jpg
10025,s2/NIR/10025/012.jpg
20401,s3/NIR/20401/001.jpg
20401,s3/NIR/20401/002.jpg
20401,s3/NIR/20401/003.jpg
20401,s3/NIR/20401/004.jpg
20401,s3/NIR/20401/005.jpg
20401,s3/NIR/20401/006.jpg
20401,s3/NIR/20401/007.jpg
20401,s3/NIR/20401/008.jpg
20401,s3/NIR/20401/009.jpg
20401,s3/NIR/20401/010.jpg
20401,s3/NIR/20401/011.jpg
20401,s3/NIR/20401/012.jpg
20401,s3/NIR/20401/013.jpg
20401,s3/NIR/20401/014.jpg
188,s1/NIR/00188/001.jpg
188,s1/NIR/00188/002.jpg
188,s1/NIR/00188/003.jpg
188,s1/NIR/00188/004.jpg
188,s1/NIR/00188/005.jpg
188,s1/NIR/00188/006.jpg
188,s1/NIR/00188/007.jpg
188,s1/NIR/00188/008.jpg
188,s1/NIR/00188/009.jpg
188,s1/NIR/00188/010.jpg
188,s1/NIR/00188/011.jpg
20373,s3/NIR/20373/001.jpg
20373,s3/NIR/20373/002.jpg
20373,s3/NIR/20373/003.jpg
20373,s3/NIR/20373/004.jpg
20373,s3/NIR/20373/005.jpg
20373,s3/NIR/20373/006.jpg
20373,s3/NIR/20373/007.jpg
20373,s3/NIR/20373/008.jpg
20373,s3/NIR/20373/009.jpg
20373,s3/NIR/20373/010.jpg
20373,s3/NIR/20373/011.jpg
20373,s3/NIR/20373/012.jpg
20373,s3/NIR/20373/013.jpg
20373,s3/NIR/20373/014.jpg
20373,s3/NIR/20373/015.jpg
20373,s3/NIR/20373/016.jpg
20373,s3/NIR/20373/017.jpg
38,s1/NIR/00038/001.jpg
38,s1/NIR/00038/002.jpg
38,s1/NIR/00038/003.jpg
38,s1/NIR/00038/004.jpg
38,s1/NIR/00038/005.jpg
38,s1/NIR/00038/006.jpg
38,s1/NIR/00038/007.jpg
38,s1/NIR/00038/008.jpg
38,s1/NIR/00038/009.jpg
38,s1/NIR/00038/010.jpg
38,s1/NIR/00038/011.jpg
38,s1/NIR/00038/012.jpg
10305,s2/NIR/10305/01-B.jpg
10305,s2/NIR/10305/02-B.jpg
10305,s2/NIR/10305/04-B.jpg
10305,s2/NIR/10305/06-B.jpg
10305,s2/NIR/10305/07-B.jpg
10305,s2/NIR/10305/09-B.jpg
10305,s2/NIR/10305/10-B.jpg
10305,s2/NIR/10305/11-B.jpg
10305,s2/NIR/10305/12-B.jpg
10305,s2/NIR/10305/13-B.jpg
10305,s2/NIR/10305/14-B.jpg
10305,s2/NIR/10305/15-B.jpg
10305,s2/NIR/10305/16-B.jpg
10305,s2/NIR/10305/17-B.jpg
10305,s2/NIR/10305/18-B.jpg
10305,s2/NIR/10305/19-B.jpg
10305,s2/NIR/10305/20-B.jpg
20467,s3/NIR/20467/001.jpg
20467,s3/NIR/20467/002.jpg
20467,s3/NIR/20467/003.jpg
20467,s3/NIR/20467/004.jpg
20467,s3/NIR/20467/005.jpg
20467,s3/NIR/20467/006.jpg
20467,s3/NIR/20467/007.jpg
20467,s3/NIR/20467/008.jpg
20467,s3/NIR/20467/009.jpg
20467,s3/NIR/20467/010.jpg
20467,s3/NIR/20467/011.jpg
20467,s3/NIR/20467/012.jpg
20467,s3/NIR/20467/013.jpg
20467,s3/NIR/20467/014.jpg
20467,s3/NIR/20467/015.jpg
20467,s3/NIR/20467/016.jpg
20467,s3/NIR/20467/017.jpg
20467,s3/NIR/20467/018.jpg
20467,s3/NIR/20467/019.jpg
20467,s3/NIR/20467/020.jpg
20417,s3/NIR/20417/001.jpg
20417,s3/NIR/20417/002.jpg
20417,s3/NIR/20417/003.jpg
20417,s3/NIR/20417/004.jpg
20417,s3/NIR/20417/005.jpg
20417,s3/NIR/20417/006.jpg
20417,s3/NIR/20417/007.jpg
20417,s3/NIR/20417/008.jpg
20417,s3/NIR/20417/009.jpg
20417,s3/NIR/20417/010.jpg
20417,s3/NIR/20417/011.jpg
20417,s3/NIR/20417/012.jpg
20417,s3/NIR/20417/013.jpg
20417,s3/NIR/20417/014.jpg
20417,s3/NIR/20417/015.jpg
20417,s3/NIR/20417/016.jpg
20417,s3/NIR/20417/017.jpg
20417,s3/NIR/20417/018.jpg
20417,s3/NIR/20417/019.jpg
20417,s3/NIR/20417/020.jpg
10024,s2/NIR/10024/001.jpg
10024,s2/NIR/10024/002.jpg
10024,s2/NIR/10024/003.jpg
10024,s2/NIR/10024/004.jpg
10024,s2/NIR/10024/005.jpg
10024,s2/NIR/10024/006.jpg
10024,s2/NIR/10024/007.jpg
10024,s2/NIR/10024/008.jpg
10024,s2/NIR/10024/009.jpg
10024,s2/NIR/10024/010.jpg
10024,s2/NIR/10024/011.jpg
10024,s2/NIR/10024/012.jpg
10024,s2/NIR/10024/013.jpg
10024,s2/NIR/10024/014.jpg
10024,s2/NIR/10024/015.jpg
10024,s2/NIR/10024/016.jpg
10024,s2/NIR/10024/017.jpg
10024,s2/NIR/10024/018.jpg
10024,s2/NIR/10024/019.jpg
10024,s2/NIR/10024/020.jpg
10130,s2/NIR/10130/001.jpg
10130,s2/NIR/10130/002.jpg
10130,s2/NIR/10130/003.jpg
10130,s2/NIR/10130/004.jpg
10130,s2/NIR/10130/005.jpg
10130,s2/NIR/10130/006.jpg
10130,s2/NIR/10130/007.jpg
10130,s2/NIR/10130/008.jpg
10130,s2/NIR/10130/009.jpg
10130,s2/NIR/10130/010.jpg
10130,s2/NIR/10130/011.jpg
10130,s2/NIR/10130/012.jpg
10130,s2/NIR/10130/013.jpg
10130,s2/NIR/10130/014.jpg
10130,s2/NIR/10130/015.jpg
10130,s2/NIR/10130/016.jpg
10130,s2/NIR/10130/017.jpg
10130,s2/NIR/10130/018.jpg
10130,s2/NIR/10130/019.jpg
173,s1/NIR/00173/001.jpg
173,s1/NIR/00173/002.jpg
173,s1/NIR/00173/003.jpg
173,s1/NIR/00173/004.jpg
173,s1/NIR/00173/005.jpg
173,s1/NIR/00173/006.jpg
173,s1/NIR/00173/007.jpg
173,s1/NIR/00173/008.jpg
173,s1/NIR/00173/009.jpg
173,s1/NIR/00173/010.jpg
173,s1/NIR/00173/011.jpg
173,s1/NIR/00173/012.jpg
173,s1/NIR/00173/013.jpg
173,s1/NIR/00173/014.jpg
173,s1/NIR/00173/015.jpg
20442,s3/NIR/20442/001.jpg
20442,s3/NIR/20442/002.jpg
20442,s3/NIR/20442/003.jpg
20442,s3/NIR/20442/004.jpg
20442,s3/NIR/20442/005.jpg
20442,s3/NIR/20442/006.jpg
20442,s3/NIR/20442/007.jpg
20442,s3/NIR/20442/008.jpg
20442,s3/NIR/20442/009.jpg
20442,s3/NIR/20442/010.jpg
20442,s3/NIR/20442/011.jpg
20442,s3/NIR/20442/012.jpg
20442,s3/NIR/20442/013.jpg
20442,s3/NIR/20442/014.jpg
20442,s3/NIR/20442/015.jpg
20442,s3/NIR/20442/016.jpg
10146,s2/NIR/10146/001.jpg
10146,s2/NIR/10146/002.jpg
10146,s2/NIR/10146/003.jpg
10146,s2/NIR/10146/004.jpg
10146,s2/NIR/10146/005.jpg
10146,s2/NIR/10146/006.jpg
10146,s2/NIR/10146/007.jpg
10146,s2/NIR/10146/008.jpg
10146,s2/NIR/10146/009.jpg
10146,s2/NIR/10146/010.jpg
10146,s2/NIR/10146/011.jpg
10146,s2/NIR/10146/012.jpg
10146,s2/NIR/10146/013.jpg
10146,s2/NIR/10146/014.jpg
10146,s2/NIR/10146/015.jpg
10146,s2/NIR/10146/016.jpg
10146,s2/NIR/10146/017.jpg
10146,s2/NIR/10146/018.jpg
10146,s2/NIR/10146/019.jpg
10146,s2/NIR/10146/020.jpg
10255,s2/NIR/10255/001.jpg
10255,s2/NIR/10255/002.jpg
10255,s2/NIR/10255/003.jpg
10255,s2/NIR/10255/004.jpg
10255,s2/NIR/10255/005.jpg
10255,s2/NIR/10255/006.jpg
10255,s2/NIR/10255/007.jpg
10255,s2/NIR/10255/008.jpg
10255,s2/NIR/10255/009.jpg
10255,s2/NIR/10255/010.jpg
10255,s2/NIR/10255/011.jpg
10255,s2/NIR/10255/012.jpg
10255,s2/NIR/10255/013.jpg
10255,s2/NIR/10255/014.jpg
10255,s2/NIR/10255/015.jpg
10255,s2/NIR/10255/016.jpg
10255,s2/NIR/10255/017.jpg
10255,s2/NIR/10255/018.jpg
10255,s2/NIR/10255/019.jpg
10116,s2/NIR/10116/001.jpg
10116,s2/NIR/10116/002.jpg
10116,s2/NIR/10116/003.jpg
10116,s2/NIR/10116/004.jpg
10116,s2/NIR/10116/005.jpg
10116,s2/NIR/10116/006.jpg
10116,s2/NIR/10116/007.jpg
10116,s2/NIR/10116/008.jpg
10116,s2/NIR/10116/009.jpg
10116,s2/NIR/10116/010.jpg
10116,s2/NIR/10116/011.jpg
10116,s2/NIR/10116/012.jpg
10116,s2/NIR/10116/013.jpg
10151,s2/NIR/10151/001.jpg
10151,s2/NIR/10151/002.jpg
10151,s2/NIR/10151/003.jpg
10151,s2/NIR/10151/004.jpg
10151,s2/NIR/10151/005.jpg
10151,s2/NIR/10151/006.jpg
10151,s2/NIR/10151/007.jpg
10151,s2/NIR/10151/008.jpg
10151,s2/NIR/10151/009.jpg
10151,s2/NIR/10151/010.jpg
10151,s2/NIR/10151/011.jpg
10151,s2/NIR/10151/012.jpg
10151,s2/NIR/10151/013.jpg
10151,s2/NIR/10151/014.jpg
10151,s2/NIR/10151/015.jpg
10151,s2/NIR/10151/016.jpg
10151,s2/NIR/10151/017.jpg
10151,s2/NIR/10151/018.jpg
10151,s2/NIR/10151/019.jpg
10151,s2/NIR/10151/020.jpg
20414,s3/NIR/20414/001.jpg
20414,s3/NIR/20414/002.jpg
20414,s3/NIR/20414/003.jpg
20414,s3/NIR/20414/004.jpg
20414,s3/NIR/20414/005.jpg
20414,s3/NIR/20414/006.jpg
20414,s3/NIR/20414/007.jpg
20414,s3/NIR/20414/008.jpg
20414,s3/NIR/20414/009.jpg
20414,s3/NIR/20414/010.jpg
20414,s3/NIR/20414/011.jpg
20414,s3/NIR/20414/012.jpg
20414,s3/NIR/20414/013.jpg
20414,s3/NIR/20414/014.jpg
20414,s3/NIR/20414/015.jpg
20414,s3/NIR/20414/016.jpg
20414,s3/NIR/20414/017.jpg
20414,s3/NIR/20414/018.jpg
20414,s3/NIR/20414/019.jpg
32,s1/NIR/00032/001.jpg
32,s1/NIR/00032/002.jpg
32,s1/NIR/00032/003.jpg
32,s1/NIR/00032/004.jpg
32,s1/NIR/00032/005.jpg
32,s1/NIR/00032/006.jpg
32,s1/NIR/00032/007.jpg
32,s1/NIR/00032/008.jpg
32,s1/NIR/00032/009.jpg
32,s1/NIR/00032/010.jpg
10107,s2/NIR/10107/001.jpg
10107,s2/NIR/10107/002.jpg
10107,s2/NIR/10107/003.jpg
10107,s2/NIR/10107/004.jpg
10107,s2/NIR/10107/005.jpg
10107,s2/NIR/10107/006.jpg
10107,s2/NIR/10107/007.jpg
10107,s2/NIR/10107/008.jpg
10107,s2/NIR/10107/009.jpg
10107,s2/NIR/10107/010.jpg
10107,s2/NIR/10107/011.jpg
10107,s2/NIR/10107/012.jpg
20441,s3/NIR/20441/001.jpg
20441,s3/NIR/20441/002.jpg
20441,s3/NIR/20441/003.jpg
20441,s3/NIR/20441/004.jpg
20441,s3/NIR/20441/005.jpg
20441,s3/NIR/20441/006.jpg
20441,s3/NIR/20441/007.jpg
20441,s3/NIR/20441/008.jpg
20441,s3/NIR/20441/009.jpg
20441,s3/NIR/20441/010.jpg
20441,s3/NIR/20441/011.jpg
20441,s3/NIR/20441/012.jpg
20441,s3/NIR/20441/013.jpg
20441,s3/NIR/20441/014.jpg
10204,s2/NIR/10204/01-B.jpg
10204,s2/NIR/10204/02-B.jpg
10204,s2/NIR/10204/03-B.jpg
10204,s2/NIR/10204/04-B.jpg
10204,s2/NIR/10204/05-B.jpg
10204,s2/NIR/10204/10-B.jpg
10204,s2/NIR/10204/11-B.jpg
10204,s2/NIR/10204/12-B.jpg
10204,s2/NIR/10204/13-B.jpg
10204,s2/NIR/10204/14-B.jpg
10204,s2/NIR/10204/15-B.jpg
10204,s2/NIR/10204/16-B.jpg
10204,s2/NIR/10204/17-B.jpg
10204,s2/NIR/10204/18-B.jpg
10204,s2/NIR/10204/19-B.jpg
10204,s2/NIR/10204/20-B.jpg
20413,s3/NIR/20413/001.jpg
20413,s3/NIR/20413/002.jpg
20413,s3/NIR/20413/003.jpg
20413,s3/NIR/20413/004.jpg
20413,s3/NIR/20413/005.jpg
20413,s3/NIR/20413/006.jpg
20413,s3/NIR/20413/007.jpg
20413,s3/NIR/20413/008.jpg
20413,s3/NIR/20413/009.jpg
20413,s3/NIR/20413/010.jpg
20413,s3/NIR/20413/011.jpg
20413,s3/NIR/20413/012.jpg
20413,s3/NIR/20413/013.jpg
20413,s3/NIR/20413/014.jpg
20413,s3/NIR/20413/015.jpg
20413,s3/NIR/20413/016.jpg
20413,s3/NIR/20413/017.jpg
20413,s3/NIR/20413/018.jpg
20413,s3/NIR/20413/019.jpg
20413,s3/NIR/20413/020.jpg
10100,s2/NIR/10100/001.jpg
10100,s2/NIR/10100/002.jpg
10100,s2/NIR/10100/003.jpg
10100,s2/NIR/10100/004.jpg
10100,s2/NIR/10100/005.jpg
10100,s2/NIR/10100/006.jpg
10100,s2/NIR/10100/007.jpg
10100,s2/NIR/10100/008.jpg
10100,s2/NIR/10100/009.jpg
10100,s2/NIR/10100/010.jpg
10100,s2/NIR/10100/011.jpg
10100,s2/NIR/10100/012.jpg
10100,s2/NIR/10100/013.jpg
10100,s2/NIR/10100/014.jpg
10100,s2/NIR/10100/015.jpg
10100,s2/NIR/10100/016.jpg
10100,s2/NIR/10100/017.jpg
10100,s2/NIR/10100/018.jpg
10100,s2/NIR/10100/019.jpg
30674,s4/NIR/30674/001.jpg
30674,s4/NIR/30674/002.jpg
30674,s4/NIR/30674/003.jpg
30674,s4/NIR/30674/004.jpg
30674,s4/NIR/30674/005.jpg
30674,s4/NIR/30674/006.jpg
30674,s4/NIR/30674/007.jpg
30674,s4/NIR/30674/008.jpg
30674,s4/NIR/30674/009.jpg
30674,s4/NIR/30674/010.jpg
30674,s4/NIR/30674/011.jpg
30674,s4/NIR/30674/012.jpg
30674,s4/NIR/30674/013.jpg
30674,s4/NIR/30674/014.jpg
30674,s4/NIR/30674/015.jpg
30674,s4/NIR/30674/016.jpg
30674,s4/NIR/30674/017.jpg
30674,s4/NIR/30674/018.jpg
30674,s4/NIR/30674/019.jpg
30674,s4/NIR/30674/020.jpg
10108,s2/NIR/10108/001.jpg
10108,s2/NIR/10108/002.jpg
10108,s2/NIR/10108/003.jpg
10108,s2/NIR/10108/004.jpg
10108,s2/NIR/10108/005.jpg
10108,s2/NIR/10108/006.jpg
10108,s2/NIR/10108/007.jpg
10108,s2/NIR/10108/008.jpg
10108,s2/NIR/10108/009.jpg
10108,s2/NIR/10108/010.jpg
10108,s2/NIR/10108/011.jpg
10108,s2/NIR/10108/012.jpg
30750,s4/NIR/30750/001.jpg
30750,s4/NIR/30750/002.jpg
30750,s4/NIR/30750/003.jpg
30750,s4/NIR/30750/004.jpg
30750,s4/NIR/30750/005.jpg
30750,s4/NIR/30750/006.jpg
30750,s4/NIR/30750/007.jpg
30750,s4/NIR/30750/008.jpg
30750,s4/NIR/30750/009.jpg
30750,s4/NIR/30750/010.jpg
30750,s4/NIR/30750/011.jpg
30750,s4/NIR/30750/012.jpg
30750,s4/NIR/30750/013.jpg
30750,s4/NIR/30750/014.jpg
30750,s4/NIR/30750/015.jpg
30750,s4/NIR/30750/016.jpg
30750,s4/NIR/30750/017.jpg
30750,s4/NIR/30750/018.jpg
30750,s4/NIR/30750/019.jpg
30750,s4/NIR/30750/020.jpg
20469,s3/NIR/20469/001.jpg
20469,s3/NIR/20469/002.jpg
20469,s3/NIR/20469/003.jpg
20469,s3/NIR/20469/004.jpg
20469,s3/NIR/20469/005.jpg
20469,s3/NIR/20469/006.jpg
20469,s3/NIR/20469/007.jpg
20469,s3/NIR/20469/008.jpg
20469,s3/NIR/20469/009.jpg
20469,s3/NIR/20469/010.jpg
20469,s3/NIR/20469/011.jpg
20469,s3/NIR/20469/012.jpg
20469,s3/NIR/20469/013.jpg
20469,s3/NIR/20469/014.jpg
20469,s3/NIR/20469/015.jpg
20469,s3/NIR/20469/016.jpg
20469,s3/NIR/20469/017.jpg
20393,s3/NIR/20393/001.jpg
20393,s3/NIR/20393/002.jpg
20393,s3/NIR/20393/003.jpg
20393,s3/NIR/20393/004.jpg
20393,s3/NIR/20393/005.jpg
20393,s3/NIR/20393/006.jpg
20393,s3/NIR/20393/007.jpg
20393,s3/NIR/20393/008.jpg
20393,s3/NIR/20393/009.jpg
20393,s3/NIR/20393/010.jpg
20393,s3/NIR/20393/011.jpg
20393,s3/NIR/20393/012.jpg
20393,s3/NIR/20393/013.jpg
20393,s3/NIR/20393/014.jpg
20393,s3/NIR/20393/015.jpg
20393,s3/NIR/20393/016.jpg
20393,s3/NIR/20393/017.jpg
20393,s3/NIR/20393/018.jpg
10284,s2/NIR/10284/001.jpg
10284,s2/NIR/10284/002.jpg
10284,s2/NIR/10284/003.jpg
10284,s2/NIR/10284/004.jpg
10284,s2/NIR/10284/005.jpg
10284,s2/NIR/10284/006.jpg
10284,s2/NIR/10284/007.jpg
10284,s2/NIR/10284/008.jpg
10284,s2/NIR/10284/009.jpg
10284,s2/NIR/10284/010.jpg
10284,s2/NIR/10284/011.jpg
10284,s2/NIR/10284/012.jpg
10284,s2/NIR/10284/013.jpg
10284,s2/NIR/10284/014.jpg
10284,s2/NIR/10284/015.jpg
10284,s2/NIR/10284/016.jpg
10284,s2/NIR/10284/017.jpg
10284,s2/NIR/10284/018.jpg
10284,s2/NIR/10284/019.jpg
10308,s2/NIR/10308/001.jpg
10308,s2/NIR/10308/002.jpg
10308,s2/NIR/10308/003.jpg
10308,s2/NIR/10308/004.jpg
10308,s2/NIR/10308/005.jpg
10308,s2/NIR/10308/006.jpg
10308,s2/NIR/10308/007.jpg
10308,s2/NIR/10308/008.jpg
10308,s2/NIR/10308/009.jpg
10308,s2/NIR/10308/010.jpg
10308,s2/NIR/10308/011.jpg
10308,s2/NIR/10308/012.jpg
10308,s2/NIR/10308/013.jpg
10308,s2/NIR/10308/014.jpg
10308,s2/NIR/10308/015.jpg
10308,s2/NIR/10308/016.jpg
10308,s2/NIR/10308/017.jpg
10308,s2/NIR/10308/018.jpg
10308,s2/NIR/10308/019.jpg
10308,s2/NIR/10308/020.jpg
10251,s2/NIR/10251/001.jpg
10251,s2/NIR/10251/002.jpg
10251,s2/NIR/10251/003.jpg
10251,s2/NIR/10251/004.jpg
10251,s2/NIR/10251/005.jpg
10251,s2/NIR/10251/006.jpg
10251,s2/NIR/10251/007.jpg
10251,s2/NIR/10251/008.jpg
10251,s2/NIR/10251/009.jpg
10251,s2/NIR/10251/010.jpg
10251,s2/NIR/10251/011.jpg
10251,s2/NIR/10251/012.jpg
10251,s2/NIR/10251/013.jpg
10251,s2/NIR/10251/014.jpg
10251,s2/NIR/10251/015.jpg
10251,s2/NIR/10251/016.jpg
10251,s2/NIR/10251/017.jpg
10251,s2/NIR/10251/018.jpg
10251,s2/NIR/10251/019.jpg
10251,s2/NIR/10251/020.jpg
155,s1/NIR/00155/001.jpg
155,s1/NIR/00155/002.jpg
155,s1/NIR/00155/003.jpg
155,s1/NIR/00155/004.jpg
155,s1/NIR/00155/005.jpg
155,s1/NIR/00155/006.jpg
155,s1/NIR/00155/007.jpg
155,s1/NIR/00155/008.jpg
155,s1/NIR/00155/009.jpg
155,s1/NIR/00155/010.jpg
155,s1/NIR/00155/011.jpg
155,s1/NIR/00155/012.jpg
155,s1/NIR/00155/013.jpg
155,s1/NIR/00155/014.jpg
155,s1/NIR/00155/015.jpg
155,s1/NIR/00155/016.jpg
155,s1/NIR/00155/017.jpg
155,s1/NIR/00155/018.jpg
155,s1/NIR/00155/019.jpg
155,s1/NIR/00155/020.jpg
155,s1/NIR/00155/021.jpg
155,s1/NIR/00155/022.jpg
155,s1/NIR/00155/023.jpg
155,s1/NIR/00155/024.jpg
155,s1/NIR/00155/025.jpg
155,s1/NIR/00155/026.jpg
155,s1/NIR/00155/027.jpg
155,s1/NIR/00155/028.jpg
155,s1/NIR/00155/029.jpg
155,s1/NIR/00155/030.jpg
155,s1/NIR/00155/031.jpg
155,s1/NIR/00155/032.jpg
155,s1/NIR/00155/033.jpg
155,s1/NIR/00155/034.jpg
155,s1/NIR/00155/035.jpg
155,s1/NIR/00155/036.jpg
155,s1/NIR/00155/037.jpg
155,s1/NIR/00155/038.jpg
155,s1/NIR/00155/039.jpg
155,s1/NIR/00155/040.jpg
30517,s4/NIR/30517/001.jpg
30517,s4/NIR/30517/002.jpg
30517,s4/NIR/30517/003.jpg
30517,s4/NIR/30517/004.jpg
30517,s4/NIR/30517/005.jpg
30517,s4/NIR/30517/006.jpg
30517,s4/NIR/30517/007.jpg
30517,s4/NIR/30517/008.jpg
30517,s4/NIR/30517/009.jpg
30517,s4/NIR/30517/010.jpg
30517,s4/NIR/30517/011.jpg
30517,s4/NIR/30517/012.jpg
30517,s4/NIR/30517/013.jpg
30517,s4/NIR/30517/014.jpg
30517,s4/NIR/30517/015.jpg
30517,s4/NIR/30517/016.jpg
30517,s4/NIR/30517/017.jpg
30517,s4/NIR/30517/018.jpg
30517,s4/NIR/30517/019.jpg
30517,s4/NIR/30517/020.jpg
20494,s3/NIR/20494/001.jpg
20494,s3/NIR/20494/002.jpg
20494,s3/NIR/20494/003.jpg
20494,s3/NIR/20494/004.jpg
20494,s3/NIR/20494/005.jpg
20494,s3/NIR/20494/006.jpg
20494,s3/NIR/20494/007.jpg
20494,s3/NIR/20494/008.jpg
20494,s3/NIR/20494/009.jpg
20494,s3/NIR/20494/010.jpg
20494,s3/NIR/20494/011.jpg
20494,s3/NIR/20494/012.jpg
20494,s3/NIR/20494/013.jpg
20494,s3/NIR/20494/014.jpg
20494,s3/NIR/20494/015.jpg
20494,s3/NIR/20494/016.jpg
20494,s3/NIR/20494/017.jpg
20494,s3/NIR/20494/018.jpg
20494,s3/NIR/20494/019.jpg
104,s1/NIR/00104/001.jpg
104,s1/NIR/00104/002.jpg
104,s1/NIR/00104/003.jpg
104,s1/NIR/00104/004.jpg
104,s1/NIR/00104/005.jpg
104,s1/NIR/00104/006.jpg
104,s1/NIR/00104/007.jpg
104,s1/NIR/00104/008.jpg
104,s1/NIR/00104/009.jpg
104,s1/NIR/00104/010.jpg
20378,s3/NIR/20378/001.jpg
20378,s3/NIR/20378/002.jpg
20378,s3/NIR/20378/003.jpg
20378,s3/NIR/20378/004.jpg
20378,s3/NIR/20378/005.jpg
20378,s3/NIR/20378/006.jpg
20378,s3/NIR/20378/007.jpg
20378,s3/NIR/20378/008.jpg
20378,s3/NIR/20378/009.jpg
20378,s3/NIR/20378/010.jpg
20378,s3/NIR/20378/011.jpg
20378,s3/NIR/20378/012.jpg
20378,s3/NIR/20378/013.jpg
20378,s3/NIR/20378/014.jpg
20378,s3/NIR/20378/015.jpg
20378,s3/NIR/20378/016.jpg
20378,s3/NIR/20378/017.jpg
20378,s3/NIR/20378/018.jpg
20378,s3/NIR/20378/019.jpg
20378,s3/NIR/20378/020.jpg
51,s1/NIR/00051/001.jpg
51,s1/NIR/00051/002.jpg
51,s1/NIR/00051/003.jpg
51,s1/NIR/00051/004.jpg
51,s1/NIR/00051/005.jpg
51,s1/NIR/00051/006.jpg
51,s1/NIR/00051/007.jpg
51,s1/NIR/00051/008.jpg
51,s1/NIR/00051/009.jpg
51,s1/NIR/00051/010.jpg
51,s1/NIR/00051/011.jpg
51,s1/NIR/00051/012.jpg
51,s1/NIR/00051/013.jpg
51,s1/NIR/00051/014.jpg
51,s1/NIR/00051/015.jpg
51,s1/NIR/00051/016.jpg
51,s1/NIR/00051/017.jpg
10138,s2/NIR/10138/001.jpg
10138,s2/NIR/10138/002.jpg
10138,s2/NIR/10138/003.jpg
10138,s2/NIR/10138/004.jpg
10138,s2/NIR/10138/005.jpg
10138,s2/NIR/10138/006.jpg
10138,s2/NIR/10138/007.jpg
10138,s2/NIR/10138/008.jpg
10138,s2/NIR/10138/009.jpg
10138,s2/NIR/10138/010.jpg
10138,s2/NIR/10138/011.jpg
10138,s2/NIR/10138/012.jpg
10138,s2/NIR/10138/013.jpg
10138,s2/NIR/10138/014.jpg
10138,s2/NIR/10138/015.jpg
20408,s3/NIR/20408/001.jpg
20408,s3/NIR/20408/002.jpg
20408,s3/NIR/20408/003.jpg
20408,s3/NIR/20408/004.jpg
20408,s3/NIR/20408/005.jpg
20408,s3/NIR/20408/006.jpg
20408,s3/NIR/20408/007.jpg
20408,s3/NIR/20408/008.jpg
20408,s3/NIR/20408/009.jpg
20408,s3/NIR/20408/010.jpg
20408,s3/NIR/20408/011.jpg
20408,s3/NIR/20408/012.jpg
20408,s3/NIR/20408/013.jpg
20408,s3/NIR/20408/014.jpg
20408,s3/NIR/20408/015.jpg
20408,s3/NIR/20408/016.jpg
20408,s3/NIR/20408/017.jpg
10274,s2/NIR/10274/001.jpg
10274,s2/NIR/10274/002.jpg
10274,s2/NIR/10274/003.jpg
10274,s2/NIR/10274/004.jpg
10274,s2/NIR/10274/005.jpg
10274,s2/NIR/10274/006.jpg
10274,s2/NIR/10274/007.jpg
10274,s2/NIR/10274/008.jpg
10274,s2/NIR/10274/009.jpg
10274,s2/NIR/10274/010.jpg
10274,s2/NIR/10274/011.jpg
10274,s2/NIR/10274/012.jpg
10274,s2/NIR/10274/013.jpg
10274,s2/NIR/10274/014.jpg
10274,s2/NIR/10274/015.jpg
10274,s2/NIR/10274/016.jpg
10274,s2/NIR/10274/017.jpg
10274,s2/NIR/10274/018.jpg
10274,s2/NIR/10274/019.jpg
10274,s2/NIR/10274/020.jpg
94,s1/NIR/00094/001.jpg
94,s1/NIR/00094/002.jpg
94,s1/NIR/00094/003.jpg
94,s1/NIR/00094/004.jpg
94,s1/NIR/00094/005.jpg
94,s1/NIR/00094/006.jpg
94,s1/NIR/00094/007.jpg
94,s1/NIR/00094/008.jpg
94,s1/NIR/00094/009.jpg
94,s1/NIR/00094/010.jpg
94,s1/NIR/00094/011.jpg
10092,s2/NIR/10092/001.jpg
10092,s2/NIR/10092/002.jpg
10092,s2/NIR/10092/003.jpg
10092,s2/NIR/10092/004.jpg
10092,s2/NIR/10092/005.jpg
10092,s2/NIR/10092/006.jpg
10092,s2/NIR/10092/007.jpg
10092,s2/NIR/10092/008.jpg
10092,s2/NIR/10092/009.jpg
10092,s2/NIR/10092/010.jpg
10092,s2/NIR/10092/011.jpg
10092,s2/NIR/10092/012.jpg
10092,s2/NIR/10092/013.jpg
10092,s2/NIR/10092/014.jpg
10092,s2/NIR/10092/015.jpg
10092,s2/NIR/10092/016.jpg
10092,s2/NIR/10092/017.jpg
127,s1/NIR/00127/001.jpg
127,s1/NIR/00127/002.jpg
127,s1/NIR/00127/003.jpg
127,s1/NIR/00127/004.jpg
127,s1/NIR/00127/005.jpg
127,s1/NIR/00127/006.jpg
127,s1/NIR/00127/007.jpg
127,s1/NIR/00127/008.jpg
127,s1/NIR/00127/009.jpg
127,s1/NIR/00127/010.jpg
127,s1/NIR/00127/011.jpg
127,s1/NIR/00127/012.jpg
127,s1/NIR/00127/013.jpg
127,s1/NIR/00127/014.jpg
127,s1/NIR/00127/015.jpg
10077,s2/NIR/10077/001.jpg
10077,s2/NIR/10077/002.jpg
10077,s2/NIR/10077/003.jpg
10077,s2/NIR/10077/004.jpg
10077,s2/NIR/10077/005.jpg
10077,s2/NIR/10077/006.jpg
10077,s2/NIR/10077/007.jpg
10077,s2/NIR/10077/008.jpg
10077,s2/NIR/10077/009.jpg
10077,s2/NIR/10077/010.jpg
10077,s2/NIR/10077/011.jpg
10077,s2/NIR/10077/012.jpg
10077,s2/NIR/10077/013.jpg
10077,s2/NIR/10077/014.jpg
10077,s2/NIR/10077/015.jpg
10077,s2/NIR/10077/016.jpg
10077,s2/NIR/10077/017.jpg
20444,s3/NIR/20444/001.jpg
20444,s3/NIR/20444/002.jpg
20444,s3/NIR/20444/003.jpg
20444,s3/NIR/20444/004.jpg
20444,s3/NIR/20444/005.jpg
20444,s3/NIR/20444/006.jpg
20444,s3/NIR/20444/007.jpg
20444,s3/NIR/20444/008.jpg
20444,s3/NIR/20444/009.jpg
20444,s3/NIR/20444/010.jpg
20444,s3/NIR/20444/011.jpg
20444,s3/NIR/20444/012.jpg
20444,s3/NIR/20444/013.jpg
20444,s3/NIR/20444/014.jpg
20444,s3/NIR/20444/015.jpg
12,s1/NIR/00012/001.jpg
12,s1/NIR/00012/002.jpg
12,s1/NIR/00012/003.jpg
12,s1/NIR/00012/004.jpg
12,s1/NIR/00012/005.jpg
12,s1/NIR/00012/006.jpg
12,s1/NIR/00012/007.jpg
12,s1/NIR/00012/008.jpg
12,s1/NIR/00012/009.jpg
12,s1/NIR/00012/010.jpg
12,s1/NIR/00012/011.jpg
7,s1/NIR/00007/001.jpg
7,s1/NIR/00007/002.jpg
7,s1/NIR/00007/003.jpg
7,s1/NIR/00007/004.jpg
7,s1/NIR/00007/005.jpg
7,s1/NIR/00007/006.jpg
7,s1/NIR/00007/007.jpg
7,s1/NIR/00007/008.jpg
7,s1/NIR/00007/009.jpg
20389,s3/NIR/20389/001.jpg
20389,s3/NIR/20389/002.jpg
20389,s3/NIR/20389/003.jpg
20389,s3/NIR/20389/004.jpg
20389,s3/NIR/20389/005.jpg
20389,s3/NIR/20389/006.jpg
20389,s3/NIR/20389/007.jpg
20389,s3/NIR/20389/008.jpg
20389,s3/NIR/20389/009.jpg
20389,s3/NIR/20389/010.jpg
20389,s3/NIR/20389/011.jpg
20389,s3/NIR/20389/012.jpg
20389,s3/NIR/20389/013.jpg
20389,s3/NIR/20389/014.jpg
20389,s3/NIR/20389/015.jpg
20389,s3/NIR/20389/016.jpg
20389,s3/NIR/20389/017.jpg
10161,s2/NIR/10161/001.jpg
10161,s2/NIR/10161/002.jpg
10161,s2/NIR/10161/003.jpg
10161,s2/NIR/10161/004.jpg
10161,s2/NIR/10161/005.jpg
10161,s2/NIR/10161/006.jpg
10161,s2/NIR/10161/007.jpg
10161,s2/NIR/10161/008.jpg
10161,s2/NIR/10161/009.jpg
10161,s2/NIR/10161/010.jpg
10161,s2/NIR/10161/011.jpg
10161,s2/NIR/10161/012.jpg
10161,s2/NIR/10161/013.jpg
10161,s2/NIR/10161/014.jpg
10161,s2/NIR/10161/015.jpg
10161,s2/NIR/10161/016.jpg
10198,s2/NIR/10198/01-B.jpg
10198,s2/NIR/10198/02-B.jpg
10198,s2/NIR/10198/03-B.jpg
10198,s2/NIR/10198/04-B.jpg
10198,s2/NIR/10198/05-B.jpg
10198,s2/NIR/10198/06-B.jpg
10198,s2/NIR/10198/07-B.jpg
10198,s2/NIR/10198/08-B.jpg
10198,s2/NIR/10198/09-B.jpg
10198,s2/NIR/10198/11-B.jpg
10198,s2/NIR/10198/12-B.jpg
10198,s2/NIR/10198/13-B.jpg
10198,s2/NIR/10198/14-B.jpg
10198,s2/NIR/10198/15-B.jpg
10198,s2/NIR/10198/16-B.jpg
10198,s2/NIR/10198/17-B.jpg
10198,s2/NIR/10198/18-B.jpg
10198,s2/NIR/10198/19-B.jpg
10198,s2/NIR/10198/20-B.jpg
10073,s2/NIR/10073/001.jpg
10073,s2/NIR/10073/002.jpg
10073,s2/NIR/10073/003.jpg
10073,s2/NIR/10073/004.jpg
10073,s2/NIR/10073/005.jpg
10073,s2/NIR/10073/006.jpg
10073,s2/NIR/10073/007.jpg
10073,s2/NIR/10073/008.jpg
10073,s2/NIR/10073/009.jpg
10073,s2/NIR/10073/010.jpg
10073,s2/NIR/10073/011.jpg
10073,s2/NIR/10073/012.jpg
10073,s2/NIR/10073/013.jpg
10073,s2/NIR/10073/014.jpg
10073,s2/NIR/10073/015.jpg
10073,s2/NIR/10073/016.jpg
20332,s3/NIR/20332/001.jpg
20332,s3/NIR/20332/002.jpg
20332,s3/NIR/20332/003.jpg
20332,s3/NIR/20332/004.jpg
20332,s3/NIR/20332/005.jpg
20332,s3/NIR/20332/006.jpg
20332,s3/NIR/20332/007.jpg
20332,s3/NIR/20332/008.jpg
20332,s3/NIR/20332/009.jpg
20332,s3/NIR/20332/010.jpg
20332,s3/NIR/20332/011.jpg
20332,s3/NIR/20332/012.jpg
20332,s3/NIR/20332/013.jpg
20332,s3/NIR/20332/014.jpg
20332,s3/NIR/20332/015.jpg
20332,s3/NIR/20332/016.jpg
20332,s3/NIR/20332/017.jpg
20332,s3/NIR/20332/018.jpg
20332,s3/NIR/20332/019.jpg
20387,s3/NIR/20387/001.jpg
20387,s3/NIR/20387/002.jpg
20387,s3/NIR/20387/003.jpg
20387,s3/NIR/20387/004.jpg
20387,s3/NIR/20387/005.jpg
20387,s3/NIR/20387/006.jpg
20387,s3/NIR/20387/007.jpg
20387,s3/NIR/20387/008.jpg
20387,s3/NIR/20387/009.jpg
20387,s3/NIR/20387/010.jpg
20387,s3/NIR/20387/011.jpg
20387,s3/NIR/20387/012.jpg
20387,s3/NIR/20387/013.jpg
20387,s3/NIR/20387/014.jpg
20387,s3/NIR/20387/015.jpg
20387,s3/NIR/20387/016.jpg
20387,s3/NIR/20387/017.jpg
20387,s3/NIR/20387/018.jpg
20387,s3/NIR/20387/019.jpg
20387,s3/NIR/20387/020.jpg
10102,s2/NIR/10102/001.jpg
10102,s2/NIR/10102/002.jpg
10102,s2/NIR/10102/003.jpg
10102,s2/NIR/10102/004.jpg
10102,s2/NIR/10102/005.jpg
10102,s2/NIR/10102/006.jpg
10102,s2/NIR/10102/007.jpg
10102,s2/NIR/10102/008.jpg
10102,s2/NIR/10102/009.jpg
10102,s2/NIR/10102/010.jpg
10102,s2/NIR/10102/011.jpg
10102,s2/NIR/10102/012.jpg
10102,s2/NIR/10102/013.jpg
10102,s2/NIR/10102/014.jpg
10102,s2/NIR/10102/015.jpg
10102,s2/NIR/10102/016.jpg
10052,s2/NIR/10052/001.jpg
10052,s2/NIR/10052/002.jpg
10052,s2/NIR/10052/003.jpg
10052,s2/NIR/10052/004.jpg
10052,s2/NIR/10052/005.jpg
10052,s2/NIR/10052/006.jpg
10052,s2/NIR/10052/007.jpg
10052,s2/NIR/10052/008.jpg
10052,s2/NIR/10052/009.jpg
10052,s2/NIR/10052/010.jpg
10052,s2/NIR/10052/011.jpg
10052,s2/NIR/10052/012.jpg
10052,s2/NIR/10052/013.jpg
10052,s2/NIR/10052/014.jpg
10052,s2/NIR/10052/015.jpg
10052,s2/NIR/10052/016.jpg
10052,s2/NIR/10052/017.jpg
10052,s2/NIR/10052/018.jpg
10052,s2/NIR/10052/019.jpg
10052,s2/NIR/10052/020.jpg
128,s1/NIR/00128/001.jpg
128,s1/NIR/00128/002.jpg
128,s1/NIR/00128/003.jpg
128,s1/NIR/00128/004.jpg
128,s1/NIR/00128/005.jpg
128,s1/NIR/00128/006.jpg
128,s1/NIR/00128/007.jpg
128,s1/NIR/00128/008.jpg
128,s1/NIR/00128/009.jpg
128,s1/NIR/00128/010.jpg
128,s1/NIR/00128/011.jpg
128,s1/NIR/00128/012.jpg
128,s1/NIR/00128/013.jpg
128,s1/NIR/00128/014.jpg
128,s1/NIR/00128/015.jpg
128,s1/NIR/00128/016.jpg
128,s1/NIR/00128/017.jpg
84,s1/NIR/00084/001.jpg
84,s1/NIR/00084/002.jpg
84,s1/NIR/00084/003.jpg
84,s1/NIR/00084/004.jpg
84,s1/NIR/00084/005.jpg
84,s1/NIR/00084/006.jpg
84,s1/NIR/00084/007.jpg
84,s1/NIR/00084/008.jpg
84,s1/NIR/00084/009.jpg
84,s1/NIR/00084/010.jpg
20391,s3/NIR/20391/001.jpg
20391,s3/NIR/20391/002.jpg
20391,s3/NIR/20391/003.jpg
20391,s3/NIR/20391/004.jpg
20391,s3/NIR/20391/005.jpg
20391,s3/NIR/20391/006.jpg
20391,s3/NIR/20391/007.jpg
20391,s3/NIR/20391/008.jpg
20391,s3/NIR/20391/009.jpg
20391,s3/NIR/20391/010.jpg
20391,s3/NIR/20391/011.jpg
20391,s3/NIR/20391/012.jpg
20391,s3/NIR/20391/013.jpg
20391,s3/NIR/20391/014.jpg
20391,s3/NIR/20391/015.jpg
20391,s3/NIR/20391/016.jpg
20391,s3/NIR/20391/017.jpg
20391,s3/NIR/20391/018.jpg
20391,s3/NIR/20391/019.jpg
20391,s3/NIR/20391/020.jpg
53,s1/NIR/00053/001.jpg
53,s1/NIR/00053/002.jpg
53,s1/NIR/00053/003.jpg
53,s1/NIR/00053/004.jpg
53,s1/NIR/00053/005.jpg
53,s1/NIR/00053/006.jpg
53,s1/NIR/00053/007.jpg
53,s1/NIR/00053/008.jpg
53,s1/NIR/00053/009.jpg
53,s1/NIR/00053/010.jpg
53,s1/NIR/00053/011.jpg
53,s1/NIR/00053/012.jpg
53,s1/NIR/00053/013.jpg
53,s1/NIR/00053/014.jpg
53,s1/NIR/00053/015.jpg
53,s1/NIR/00053/016.jpg
53,s1/NIR/00053/017.jpg
53,s1/NIR/00053/018.jpg
53,s1/NIR/00053/019.jpg
53,s1/NIR/00053/020.jpg
53,s1/NIR/00053/021.jpg
53,s1/NIR/00053/022.jpg
53,s1/NIR/00053/023.jpg
106,s1/NIR/00106/001.jpg
106,s1/NIR/00106/002.jpg
106,s1/NIR/00106/003.jpg
106,s1/NIR/00106/004.jpg
106,s1/NIR/00106/005.jpg
106,s1/NIR/00106/006.jpg
106,s1/NIR/00106/007.jpg
106,s1/NIR/00106/008.jpg
106,s1/NIR/00106/009.jpg
106,s1/NIR/00106/010.jpg
106,s1/NIR/00106/011.jpg
106,s1/NIR/00106/012.jpg
34,s1/NIR/00034/001.jpg
34,s1/NIR/00034/002.jpg
34,s1/NIR/00034/003.jpg
34,s1/NIR/00034/004.jpg
34,s1/NIR/00034/005.jpg
34,s1/NIR/00034/006.jpg
34,s1/NIR/00034/007.jpg
34,s1/NIR/00034/008.jpg
34,s1/NIR/00034/009.jpg
34,s1/NIR/00034/010.jpg
34,s1/NIR/00034/011.jpg
34,s1/NIR/00034/012.jpg
20445,s3/NIR/20445/001.jpg
20445,s3/NIR/20445/002.jpg
20445,s3/NIR/20445/003.jpg
20445,s3/NIR/20445/004.jpg
20445,s3/NIR/20445/005.jpg
20445,s3/NIR/20445/006.jpg
20445,s3/NIR/20445/007.jpg
20445,s3/NIR/20445/008.jpg
20445,s3/NIR/20445/009.jpg
20445,s3/NIR/20445/010.jpg
20445,s3/NIR/20445/011.jpg
20445,s3/NIR/20445/012.jpg
20445,s3/NIR/20445/013.jpg
20445,s3/NIR/20445/014.jpg
20445,s3/NIR/20445/015.jpg
20445,s3/NIR/20445/016.jpg
20445,s3/NIR/20445/017.jpg
20445,s3/NIR/20445/018.jpg
20445,s3/NIR/20445/019.jpg
20445,s3/NIR/20445/020.jpg
145,s1/NIR/00145/001.jpg
145,s1/NIR/00145/002.jpg
145,s1/NIR/00145/003.jpg
145,s1/NIR/00145/004.jpg
145,s1/NIR/00145/005.jpg
145,s1/NIR/00145/006.jpg
145,s1/NIR/00145/007.jpg
145,s1/NIR/00145/008.jpg
145,s1/NIR/00145/009.jpg
145,s1/NIR/00145/010.jpg
145,s1/NIR/00145/011.jpg
145,s1/NIR/00145/012.jpg
145,s1/NIR/00145/013.jpg
145,s1/NIR/00145/014.jpg
145,s1/NIR/00145/015.jpg
145,s1/NIR/00145/016.jpg
20486,s3/NIR/20486/001.jpg
20486,s3/NIR/20486/002.jpg
20486,s3/NIR/20486/003.jpg
20486,s3/NIR/20486/004.jpg
20486,s3/NIR/20486/005.jpg
20486,s3/NIR/20486/006.jpg
20486,s3/NIR/20486/007.jpg
20486,s3/NIR/20486/008.jpg
20486,s3/NIR/20486/009.jpg
20486,s3/NIR/20486/010.jpg
20486,s3/NIR/20486/011.jpg
20486,s3/NIR/20486/012.jpg
20486,s3/NIR/20486/013.jpg
20486,s3/NIR/20486/014.jpg
20486,s3/NIR/20486/015.jpg
20486,s3/NIR/20486/016.jpg
20486,s3/NIR/20486/017.jpg
20339,s3/NIR/20339/001.jpg
20339,s3/NIR/20339/002.jpg
20339,s3/NIR/20339/003.jpg
20339,s3/NIR/20339/004.jpg
20339,s3/NIR/20339/005.jpg
20339,s3/NIR/20339/006.jpg
20339,s3/NIR/20339/007.jpg
20339,s3/NIR/20339/008.jpg
20339,s3/NIR/20339/009.jpg
20339,s3/NIR/20339/010.jpg
20339,s3/NIR/20339/011.jpg
20339,s3/NIR/20339/012.jpg
20339,s3/NIR/20339/013.jpg
20339,s3/NIR/20339/014.jpg
20339,s3/NIR/20339/015.jpg
20339,s3/NIR/20339/016.jpg
20339,s3/NIR/20339/017.jpg
20339,s3/NIR/20339/018.jpg
20339,s3/NIR/20339/019.jpg
20339,s3/NIR/20339/020.jpg
10069,s2/NIR/10069/001.jpg
10069,s2/NIR/10069/002.jpg
10069,s2/NIR/10069/003.jpg
10069,s2/NIR/10069/004.jpg
10069,s2/NIR/10069/005.jpg
10069,s2/NIR/10069/006.jpg
10069,s2/NIR/10069/007.jpg
10069,s2/NIR/10069/008.jpg
10069,s2/NIR/10069/009.jpg
10069,s2/NIR/10069/010.jpg
10069,s2/NIR/10069/011.jpg
10069,s2/NIR/10069/012.jpg
10069,s2/NIR/10069/013.jpg
10069,s2/NIR/10069/014.jpg
10069,s2/NIR/10069/015.jpg
10069,s2/NIR/10069/016.jpg
10069,s2/NIR/10069/017.jpg
10069,s2/NIR/10069/018.jpg
10069,s2/NIR/10069/019.jpg
20342,s3/NIR/20342/001.jpg
20342,s3/NIR/20342/002.jpg
20342,s3/NIR/20342/003.jpg
20342,s3/NIR/20342/004.jpg
20342,s3/NIR/20342/005.jpg
20342,s3/NIR/20342/006.jpg
20342,s3/NIR/20342/007.jpg
20342,s3/NIR/20342/008.jpg
20342,s3/NIR/20342/009.jpg
20342,s3/NIR/20342/010.jpg
20342,s3/NIR/20342/011.jpg
20342,s3/NIR/20342/012.jpg
20342,s3/NIR/20342/013.jpg
20342,s3/NIR/20342/014.jpg
20342,s3/NIR/20342/015.jpg
10299,s2/NIR/10299/001.jpg
10299,s2/NIR/10299/002.jpg
10299,s2/NIR/10299/003.jpg
10299,s2/NIR/10299/004.jpg
10299,s2/NIR/10299/005.jpg
10299,s2/NIR/10299/006.jpg
10299,s2/NIR/10299/007.jpg
10299,s2/NIR/10299/008.jpg
10299,s2/NIR/10299/009.jpg
10299,s2/NIR/10299/010.jpg
10299,s2/NIR/10299/011.jpg
10299,s2/NIR/10299/012.jpg
10299,s2/NIR/10299/013.jpg
10299,s2/NIR/10299/014.jpg
10299,s2/NIR/10299/015.jpg
10299,s2/NIR/10299/016.jpg
10299,s2/NIR/10299/017.jpg
10299,s2/NIR/10299/018.jpg
20455,s3/NIR/20455/001.jpg
20455,s3/NIR/20455/002.jpg
20455,s3/NIR/20455/003.jpg
20455,s3/NIR/20455/004.jpg
20455,s3/NIR/20455/005.jpg
20455,s3/NIR/20455/006.jpg
20455,s3/NIR/20455/007.jpg
20455,s3/NIR/20455/008.jpg
20455,s3/NIR/20455/009.jpg
20455,s3/NIR/20455/010.jpg
20455,s3/NIR/20455/011.jpg
20455,s3/NIR/20455/012.jpg
20455,s3/NIR/20455/013.jpg
10062,s2/NIR/10062/001.jpg
10062,s2/NIR/10062/002.jpg
10062,s2/NIR/10062/003.jpg
10062,s2/NIR/10062/004.jpg
10062,s2/NIR/10062/005.jpg
10062,s2/NIR/10062/006.jpg
10062,s2/NIR/10062/007.jpg
10062,s2/NIR/10062/008.jpg
10062,s2/NIR/10062/009.jpg
10062,s2/NIR/10062/010.jpg
10062,s2/NIR/10062/011.jpg
10062,s2/NIR/10062/012.jpg
10062,s2/NIR/10062/013.jpg
10062,s2/NIR/10062/014.jpg
10062,s2/NIR/10062/015.jpg
10062,s2/NIR/10062/016.jpg
10062,s2/NIR/10062/017.jpg
10080,s2/NIR/10080/001.jpg
10080,s2/NIR/10080/002.jpg
10080,s2/NIR/10080/003.jpg
10080,s2/NIR/10080/004.jpg
10080,s2/NIR/10080/005.jpg
10080,s2/NIR/10080/006.jpg
10080,s2/NIR/10080/007.jpg
10080,s2/NIR/10080/008.jpg
10080,s2/NIR/10080/009.jpg
10080,s2/NIR/10080/010.jpg
10080,s2/NIR/10080/011.jpg
10080,s2/NIR/10080/012.jpg
10080,s2/NIR/10080/013.jpg
10080,s2/NIR/10080/014.jpg
10080,s2/NIR/10080/015.jpg
10080,s2/NIR/10080/016.jpg
10080,s2/NIR/10080/017.jpg
10080,s2/NIR/10080/018.jpg
10067,s2/NIR/10067/001.jpg
10067,s2/NIR/10067/002.jpg
10067,s2/NIR/10067/003.jpg
10067,s2/NIR/10067/004.jpg
10067,s2/NIR/10067/005.jpg
10067,s2/NIR/10067/006.jpg
10067,s2/NIR/10067/007.jpg
10067,s2/NIR/10067/008.jpg
10067,s2/NIR/10067/009.jpg
10067,s2/NIR/10067/010.jpg
10067,s2/NIR/10067/011.jpg
10067,s2/NIR/10067/012.jpg
10067,s2/NIR/10067/013.jpg
10067,s2/NIR/10067/014.jpg
10067,s2/NIR/10067/015.jpg
10067,s2/NIR/10067/016.jpg
10067,s2/NIR/10067/017.jpg
13,s1/NIR/00013/001.jpg
13,s1/NIR/00013/002.jpg
13,s1/NIR/00013/003.jpg
13,s1/NIR/00013/004.jpg
13,s1/NIR/00013/005.jpg
13,s1/NIR/00013/006.jpg
13,s1/NIR/00013/007.jpg
13,s1/NIR/00013/008.jpg
13,s1/NIR/00013/009.jpg
24,s1/NIR/00024/001.jpg
24,s1/NIR/00024/002.jpg
24,s1/NIR/00024/003.jpg
24,s1/NIR/00024/004.jpg
24,s1/NIR/00024/005.jpg
24,s1/NIR/00024/006.jpg
24,s1/NIR/00024/007.jpg
24,s1/NIR/00024/008.jpg
24,s1/NIR/00024/009.jpg
24,s1/NIR/00024/010.jpg
10262,s2/NIR/10262/001.jpg
10262,s2/NIR/10262/002.jpg
10262,s2/NIR/10262/003.jpg
10262,s2/NIR/10262/004.jpg
10262,s2/NIR/10262/005.jpg
10262,s2/NIR/10262/006.jpg
10262,s2/NIR/10262/007.jpg
10262,s2/NIR/10262/008.jpg
10262,s2/NIR/10262/009.jpg
10262,s2/NIR/10262/010.jpg
10262,s2/NIR/10262/011.jpg
10262,s2/NIR/10262/012.jpg
10262,s2/NIR/10262/013.jpg
10262,s2/NIR/10262/014.jpg
10262,s2/NIR/10262/015.jpg
10262,s2/NIR/10262/016.jpg
10262,s2/NIR/10262/017.jpg
10262,s2/NIR/10262/018.jpg
10066,s2/NIR/10066/001.jpg
10066,s2/NIR/10066/002.jpg
10066,s2/NIR/10066/003.jpg
10066,s2/NIR/10066/004.jpg
10066,s2/NIR/10066/005.jpg
10066,s2/NIR/10066/006.jpg
10066,s2/NIR/10066/007.jpg
10066,s2/NIR/10066/008.jpg
10066,s2/NIR/10066/009.jpg
10066,s2/NIR/10066/010.jpg
10066,s2/NIR/10066/011.jpg
10066,s2/NIR/10066/012.jpg
10066,s2/NIR/10066/013.jpg
10066,s2/NIR/10066/014.jpg
10066,s2/NIR/10066/015.jpg
10066,s2/NIR/10066/016.jpg
10066,s2/NIR/10066/017.jpg
10066,s2/NIR/10066/018.jpg
10066,s2/NIR/10066/019.jpg
10066,s2/NIR/10066/020.jpg
30599,s4/NIR/30599/001.jpg
30599,s4/NIR/30599/002.jpg
30599,s4/NIR/30599/003.jpg
30599,s4/NIR/30599/004.jpg
30599,s4/NIR/30599/005.jpg
30599,s4/NIR/30599/006.jpg
30599,s4/NIR/30599/007.jpg
30599,s4/NIR/30599/008.jpg
30599,s4/NIR/30599/009.jpg
30599,s4/NIR/30599/010.jpg
30599,s4/NIR/30599/011.jpg
30599,s4/NIR/30599/012.jpg
30599,s4/NIR/30599/013.jpg
30599,s4/NIR/30599/014.jpg
30599,s4/NIR/30599/015.jpg
30599,s4/NIR/30599/016.jpg
30599,s4/NIR/30599/017.jpg
30599,s4/NIR/30599/018.jpg
30599,s4/NIR/30599/019.jpg
30599,s4/NIR/30599/020.jpg
20483,s3/NIR/20483/001.jpg
20483,s3/NIR/20483/002.jpg
20483,s3/NIR/20483/003.jpg
20483,s3/NIR/20483/004.jpg
20483,s3/NIR/20483/005.jpg
20483,s3/NIR/20483/006.jpg
20483,s3/NIR/20483/007.jpg
20483,s3/NIR/20483/008.jpg
20483,s3/NIR/20483/009.jpg
20483,s3/NIR/20483/010.jpg
20483,s3/NIR/20483/011.jpg
20483,s3/NIR/20483/012.jpg
20483,s3/NIR/20483/013.jpg
20483,s3/NIR/20483/014.jpg
20483,s3/NIR/20483/015.jpg
20483,s3/NIR/20483/016.jpg
20483,s3/NIR/20483/017.jpg
20360,s3/NIR/20360/001.jpg
20360,s3/NIR/20360/002.jpg
20360,s3/NIR/20360/003.jpg
20360,s3/NIR/20360/004.jpg
20360,s3/NIR/20360/005.jpg
20360,s3/NIR/20360/006.jpg
20360,s3/NIR/20360/007.jpg
20360,s3/NIR/20360/008.jpg
20360,s3/NIR/20360/009.jpg
20360,s3/NIR/20360/010.jpg
20360,s3/NIR/20360/011.jpg
20360,s3/NIR/20360/012.jpg
20360,s3/NIR/20360/013.jpg
20360,s3/NIR/20360/014.jpg
20360,s3/NIR/20360/015.jpg
20360,s3/NIR/20360/016.jpg
30,s1/NIR/00030/001.jpg
30,s1/NIR/00030/002.jpg
30,s1/NIR/00030/003.jpg
30,s1/NIR/00030/004.jpg
30,s1/NIR/00030/005.jpg
30,s1/NIR/00030/006.jpg
30,s1/NIR/00030/007.jpg
30,s1/NIR/00030/008.jpg
30,s1/NIR/00030/009.jpg
30,s1/NIR/00030/010.jpg
30,s1/NIR/00030/011.jpg
10148,s2/NIR/10148/001.jpg
10148,s2/NIR/10148/002.jpg
10148,s2/NIR/10148/003.jpg
10148,s2/NIR/10148/004.jpg
10148,s2/NIR/10148/005.jpg
10148,s2/NIR/10148/006.jpg
10148,s2/NIR/10148/007.jpg
10148,s2/NIR/10148/008.jpg
10148,s2/NIR/10148/009.jpg
10148,s2/NIR/10148/010.jpg
10148,s2/NIR/10148/011.jpg
10148,s2/NIR/10148/012.jpg
10148,s2/NIR/10148/013.jpg
10148,s2/NIR/10148/014.jpg
10148,s2/NIR/10148/015.jpg
10148,s2/NIR/10148/016.jpg
10148,s2/NIR/10148/017.jpg
10148,s2/NIR/10148/018.jpg
10148,s2/NIR/10148/019.jpg
10148,s2/NIR/10148/020.jpg
20354,s3/NIR/20354/001.jpg
20354,s3/NIR/20354/002.jpg
20354,s3/NIR/20354/003.jpg
20354,s3/NIR/20354/004.jpg
20354,s3/NIR/20354/005.jpg
20354,s3/NIR/20354/006.jpg
20354,s3/NIR/20354/007.jpg
20354,s3/NIR/20354/008.jpg
20354,s3/NIR/20354/009.jpg
20354,s3/NIR/20354/010.jpg
20354,s3/NIR/20354/011.jpg
20354,s3/NIR/20354/012.jpg
20354,s3/NIR/20354/013.jpg
20354,s3/NIR/20354/014.jpg
20354,s3/NIR/20354/015.jpg
20354,s3/NIR/20354/016.jpg
20354,s3/NIR/20354/017.jpg
182,s1/NIR/00182/001.jpg
182,s1/NIR/00182/002.jpg
182,s1/NIR/00182/003.jpg
182,s1/NIR/00182/004.jpg
182,s1/NIR/00182/005.jpg
182,s1/NIR/00182/006.jpg
182,s1/NIR/00182/007.jpg
182,s1/NIR/00182/008.jpg
182,s1/NIR/00182/009.jpg
182,s1/NIR/00182/010.jpg
182,s1/NIR/00182/011.jpg
182,s1/NIR/00182/012.jpg
103,s1/NIR/00103/001.jpg
103,s1/NIR/00103/002.jpg
103,s1/NIR/00103/003.jpg
103,s1/NIR/00103/004.jpg
103,s1/NIR/00103/005.jpg
103,s1/NIR/00103/006.jpg
103,s1/NIR/00103/007.jpg
103,s1/NIR/00103/008.jpg
103,s1/NIR/00103/009.jpg
103,s1/NIR/00103/010.jpg
103,s1/NIR/00103/011.jpg
103,s1/NIR/00103/012.jpg
20329,s3/NIR/20329/001.jpg
20329,s3/NIR/20329/002.jpg
20329,s3/NIR/20329/003.jpg
20329,s3/NIR/20329/004.jpg
20329,s3/NIR/20329/005.jpg
20329,s3/NIR/20329/006.jpg
20329,s3/NIR/20329/007.jpg
20329,s3/NIR/20329/008.jpg
20329,s3/NIR/20329/009.jpg
20329,s3/NIR/20329/010.jpg
20329,s3/NIR/20329/011.jpg
20329,s3/NIR/20329/012.jpg
20329,s3/NIR/20329/013.jpg
20329,s3/NIR/20329/014.jpg
20329,s3/NIR/20329/015.jpg
20329,s3/NIR/20329/016.jpg
20329,s3/NIR/20329/017.jpg
20329,s3/NIR/20329/018.jpg
10277,s2/NIR/10277/001.jpg
10277,s2/NIR/10277/002.jpg
10277,s2/NIR/10277/003.jpg
10277,s2/NIR/10277/004.jpg
10277,s2/NIR/10277/005.jpg
10277,s2/NIR/10277/006.jpg
10277,s2/NIR/10277/007.jpg
10277,s2/NIR/10277/008.jpg
10277,s2/NIR/10277/009.jpg
10277,s2/NIR/10277/010.jpg
10277,s2/NIR/10277/011.jpg
10277,s2/NIR/10277/012.jpg
10277,s2/NIR/10277/013.jpg
10277,s2/NIR/10277/014.jpg
10277,s2/NIR/10277/015.jpg
10277,s2/NIR/10277/016.jpg
10277,s2/NIR/10277/017.jpg
10277,s2/NIR/10277/018.jpg
10277,s2/NIR/10277/019.jpg
10277,s2/NIR/10277/020.jpg
10208,s2/NIR/10208/001.jpg
10208,s2/NIR/10208/002.jpg
10208,s2/NIR/10208/003.jpg
10208,s2/NIR/10208/004.jpg
10208,s2/NIR/10208/005.jpg
10208,s2/NIR/10208/006.jpg
10208,s2/NIR/10208/007.jpg
10208,s2/NIR/10208/008.jpg
10208,s2/NIR/10208/009.jpg
10208,s2/NIR/10208/010.jpg
10208,s2/NIR/10208/011.jpg
10208,s2/NIR/10208/012.jpg
10208,s2/NIR/10208/013.jpg
10208,s2/NIR/10208/014.jpg
10208,s2/NIR/10208/015.jpg
10208,s2/NIR/10208/016.jpg
10208,s2/NIR/10208/017.jpg
10208,s2/NIR/10208/018.jpg
10208,s2/NIR/10208/019.jpg
10208,s2/NIR/10208/020.jpg
17,s1/NIR/00017/001.jpg
17,s1/NIR/00017/002.jpg
17,s1/NIR/00017/003.jpg
17,s1/NIR/00017/004.jpg
17,s1/NIR/00017/005.jpg
17,s1/NIR/00017/006.jpg
17,s1/NIR/00017/007.jpg
17,s1/NIR/00017/008.jpg
17,s1/NIR/00017/009.jpg
17,s1/NIR/00017/010.jpg
20361,s3/NIR/20361/001.jpg
20361,s3/NIR/20361/002.jpg
20361,s3/NIR/20361/003.jpg
20361,s3/NIR/20361/004.jpg
20361,s3/NIR/20361/005.jpg
20361,s3/NIR/20361/006.jpg
20361,s3/NIR/20361/007.jpg
20361,s3/NIR/20361/008.jpg
20361,s3/NIR/20361/009.jpg
20361,s3/NIR/20361/010.jpg
20361,s3/NIR/20361/011.jpg
20361,s3/NIR/20361/012.jpg
20361,s3/NIR/20361/013.jpg
20361,s3/NIR/20361/014.jpg
20361,s3/NIR/20361/015.jpg
125,s1/NIR/00125/001.jpg
125,s1/NIR/00125/002.jpg
125,s1/NIR/00125/003.jpg
125,s1/NIR/00125/004.jpg
125,s1/NIR/00125/005.jpg
125,s1/NIR/00125/006.jpg
125,s1/NIR/00125/007.jpg
125,s1/NIR/00125/008.jpg
125,s1/NIR/00125/009.jpg
125,s1/NIR/00125/010.jpg
125,s1/NIR/00125/011.jpg
125,s1/NIR/00125/012.jpg
125,s1/NIR/00125/013.jpg
125,s1/NIR/00125/014.jpg
125,s1/NIR/00125/015.jpg
125,s1/NIR/00125/016.jpg
10089,s2/NIR/10089/001.jpg
10089,s2/NIR/10089/002.jpg
10089,s2/NIR/10089/003.jpg
10089,s2/NIR/10089/004.jpg
10089,s2/NIR/10089/005.jpg
10089,s2/NIR/10089/006.jpg
10089,s2/NIR/10089/007.jpg
10089,s2/NIR/10089/008.jpg
10089,s2/NIR/10089/009.jpg
10089,s2/NIR/10089/010.jpg
10089,s2/NIR/10089/011.jpg
10089,s2/NIR/10089/012.jpg
10089,s2/NIR/10089/013.jpg
10089,s2/NIR/10089/014.jpg
10089,s2/NIR/10089/015.jpg
10089,s2/NIR/10089/016.jpg
10089,s2/NIR/10089/017.jpg
10089,s2/NIR/10089/018.jpg
10089,s2/NIR/10089/019.jpg
10089,s2/NIR/10089/020.jpg
10037,s2/NIR/10037/001.jpg
10037,s2/NIR/10037/002.jpg
10037,s2/NIR/10037/003.jpg
10037,s2/NIR/10037/004.jpg
10037,s2/NIR/10037/005.jpg
10037,s2/NIR/10037/006.jpg
10037,s2/NIR/10037/007.jpg
10037,s2/NIR/10037/008.jpg
10037,s2/NIR/10037/009.jpg
10037,s2/NIR/10037/010.jpg
10037,s2/NIR/10037/011.jpg
10037,s2/NIR/10037/012.jpg
10037,s2/NIR/10037/013.jpg
10037,s2/NIR/10037/014.jpg
10037,s2/NIR/10037/015.jpg
10037,s2/NIR/10037/016.jpg
10037,s2/NIR/10037/017.jpg
10037,s2/NIR/10037/018.jpg
10037,s2/NIR/10037/019.jpg
10037,s2/NIR/10037/020.jpg
10150,s2/NIR/10150/001.jpg
10150,s2/NIR/10150/002.jpg
10150,s2/NIR/10150/003.jpg
10150,s2/NIR/10150/004.jpg
10150,s2/NIR/10150/005.jpg
10150,s2/NIR/10150/006.jpg
10150,s2/NIR/10150/007.jpg
10150,s2/NIR/10150/008.jpg
10150,s2/NIR/10150/009.jpg
10150,s2/NIR/10150/010.jpg
10150,s2/NIR/10150/011.jpg
10150,s2/NIR/10150/012.jpg
10150,s2/NIR/10150/013.jpg
10150,s2/NIR/10150/014.jpg
10150,s2/NIR/10150/015.jpg
10150,s2/NIR/10150/016.jpg
10150,s2/NIR/10150/017.jpg
10150,s2/NIR/10150/018.jpg
10150,s2/NIR/10150/019.jpg
10150,s2/NIR/10150/020.jpg
